Validation_Set,Threshold,Strategy,Net_Benefit
MIMIC-III,0.05,XGBoost,0.295000682345449
MIMIC-III,0.05,Treat all,0.292180321157258
MIMIC-III,0.05,Treat none,0
MIMIC-III,0.06,XGBoost,0.287905257544273
MIMIC-III,0.06,Treat all,0.284650324573824
MIMIC-III,0.06,Treat none,0
MIMIC-III,0.07,XGBoost,0.282014107675579
MIMIC-III,0.07,Treat all,0.276958392579995
MIMIC-III,0.07,Treat none,0
MIMIC-III,0.08,XGBoost,0.275600315658938
MIMIC-III,0.08,Treat all,0.269099244673255
MIMIC-III,0.08,Treat none,0
MIMIC-III,0.09,XGBoost,0.268874599903122
MIMIC-III,0.09,Treat all,0.261067368241093
MIMIC-III,0.09,Treat none,0
MIMIC-III,0.1,XGBoost,0.260827811389609
MIMIC-III,0.1,Treat all,0.252857005665994
MIMIC-III,0.1,Treat none,0
MIMIC-III,0.11,XGBoost,0.25546502481233
MIMIC-III,0.11,Treat all,0.244462140561118
MIMIC-III,0.11,Treat none,0
MIMIC-III,0.12,XGBoost,0.251237526518425
MIMIC-III,0.12,Treat all,0.235876483067494
MIMIC-III,0.12,Treat none,0
MIMIC-III,0.13,XGBoost,0.247548654367717
MIMIC-III,0.13,Treat all,0.227093454137236
MIMIC-III,0.13,Treat none,0
MIMIC-III,0.14,XGBoost,0.245482502864264
MIMIC-III,0.14,Treat all,0.218106168720227
MIMIC-III,0.14,Treat none,0
MIMIC-III,0.15,XGBoost,0.243225380039656
MIMIC-III,0.15,Treat all,0.208907417763994
MIMIC-III,0.15,Treat none,0
MIMIC-III,0.16,XGBoost,0.240646993455982
MIMIC-III,0.16,Treat all,0.199489648927851
MIMIC-III,0.16,Treat none,0
MIMIC-III,0.17,XGBoost,0.234684633087232
MIMIC-III,0.17,Treat all,0.189844945902886
MIMIC-III,0.17,Treat none,0
MIMIC-III,0.18,XGBoost,0.232497839239412
MIMIC-III,0.18,Treat all,0.179965006218774
MIMIC-III,0.18,Treat none,0
MIMIC-III,0.19,XGBoost,0.228144306795992
MIMIC-III,0.19,Treat all,0.16984111740666
MIMIC-III,0.19,Treat none,0
MIMIC-III,0.2,XGBoost,0.223638720829732
MIMIC-III,0.2,Treat all,0.159464131374244
MIMIC-III,0.2,Treat none,0
MIMIC-III,0.21,XGBoost,0.21903000995591
MIMIC-III,0.21,Treat all,0.148824436834677
MIMIC-III,0.21,Treat none,0
MIMIC-III,0.22,XGBoost,0.212175608891253
MIMIC-III,0.22,Treat all,0.137911929614609
MIMIC-III,0.22,Treat none,0
MIMIC-III,0.23,XGBoost,0.209431018419782
MIMIC-III,0.23,Treat all,0.126715980648565
MIMIC-III,0.23,Treat none,0
MIMIC-III,0.24,XGBoost,0.206614201883273
MIMIC-III,0.24,Treat all,0.115225401446572
MIMIC-III,0.24,Treat none,0
MIMIC-III,0.25,XGBoost,0.204552002304811
MIMIC-III,0.25,Treat all,0.103428406799193
MIMIC-III,0.25,Treat none,0
MIMIC-III,0.26,XGBoost,0.198626457053423
MIMIC-III,0.26,Treat all,0.0913125744586418
MIMIC-III,0.26,Treat none,0
MIMIC-III,0.27,XGBoost,0.194077740022022
MIMIC-III,0.27,Treat all,0.0788648015060205
MIMIC-III,0.27,Treat none,0
MIMIC-III,0.28,XGBoost,0.191011235955056
MIMIC-III,0.28,Treat all,0.066071257082493
MIMIC-III,0.28,Treat none,0
MIMIC-III,0.29,XGBoost,0.188759175624186
MIMIC-III,0.29,Treat all,0.0529173311259084
MIMIC-III,0.29,Treat none,0
MIMIC-III,0.3,XGBoost,0.184590690208668
MIMIC-III,0.3,Treat all,0.0393875787134214
MIMIC-III,0.3,Treat none,0
MIMIC-III,0.31,XGBoost,0.182305562862475
MIMIC-III,0.31,Treat all,0.0254656595643405
MIMIC-III,0.31,Treat none,0
MIMIC-III,0.32,XGBoost,0.179317708068534
MIMIC-III,0.32,Treat all,0.0111342722049925
MIMIC-III,0.32,Treat none,0
MIMIC-III,0.33,XGBoost,0.177788671164489
MIMIC-III,0.33,Treat all,-0.00362491776209717
MIMIC-III,0.33,Treat none,0
MIMIC-III,0.34,XGBoost,0.174720410675467
MIMIC-III,0.34,Treat all,-0.0188313559100076
MIMIC-III,0.34,Treat none,0
MIMIC-III,0.35,XGBoost,0.171797087959577
MIMIC-III,0.35,Treat all,-0.0345056844624693
MIMIC-III,0.35,Treat none,0
MIMIC-III,0.36,XGBoost,0.167891097666379
MIMIC-III,0.36,Treat all,-0.0506698357821954
MIMIC-III,0.36,Treat none,0
MIMIC-III,0.37,XGBoost,0.162448038852533
MIMIC-III,0.37,Treat all,-0.0673471347628651
MIMIC-III,0.37,Treat none,0
MIMIC-III,0.38,XGBoost,0.156801516714529
MIMIC-III,0.38,Treat all,-0.0845624111300082
MIMIC-III,0.38,Treat none,0
MIMIC-III,0.39,XGBoost,0.152712640095215
MIMIC-III,0.39,Treat all,-0.102342122787877
MIMIC-III,0.39,Treat none,0
MIMIC-III,0.4,XGBoost,0.146067415730337
MIMIC-III,0.4,Treat all,-0.120714491501008
MIMIC-III,0.4,Treat none,0
MIMIC-III,0.41,XGBoost,0.13972430159823
MIMIC-III,0.41,Treat all,-0.139709652373907
MIMIC-III,0.41,Treat none,0
MIMIC-III,0.42,XGBoost,0.135248710994546
MIMIC-III,0.42,Treat all,-0.159359818794147
MIMIC-III,0.42,Treat none,0
MIMIC-III,0.43,XGBoost,0.130691898285038
MIMIC-III,0.43,Treat all,-0.179699464737904
MIMIC-III,0.43,Treat none,0
MIMIC-III,0.44,XGBoost,0.126620570440795
MIMIC-III,0.44,Treat all,-0.200765526608223
MIMIC-III,0.44,Treat none,0
MIMIC-III,0.45,XGBoost,0.122809774495168
MIMIC-III,0.45,Treat all,-0.222597627092009
MIMIC-III,0.45,Treat none,0
MIMIC-III,0.46,XGBoost,0.118793815423029
MIMIC-III,0.46,Treat all,-0.245238323890009
MIMIC-III,0.46,Treat none,0
MIMIC-III,0.47,XGBoost,0.111022325141469
MIMIC-III,0.47,Treat all,-0.268733386604915
MIMIC-III,0.47,Treat none,0
MIMIC-III,0.48,XGBoost,0.113888704208497
MIMIC-III,0.48,Treat all,-0.293132105578087
MIMIC-III,0.48,Treat none,0
MIMIC-III,0.49,XGBoost,0.112223973426882
MIMIC-III,0.49,Treat all,-0.31848763706001
MIMIC-III,0.49,Treat none,0
MIMIC-III,0.5,XGBoost,0.111495246326707
MIMIC-III,0.5,Treat all,-0.34485738980121
MIMIC-III,0.5,Treat none,0
MIMIC-III,0.51,XGBoost,0.109219833136366
MIMIC-III,0.51,Treat all,-0.372303458980827
MIMIC-III,0.51,Treat none,0
MIMIC-III,0.52,XGBoost,0.107101699798329
MIMIC-III,0.52,Treat all,-0.400893114376261
MIMIC-III,0.52,Treat none,0
MIMIC-III,0.53,XGBoost,0.111752698652053
MIMIC-III,0.53,Treat all,-0.430699350852351
MIMIC-III,0.53,Treat none,0
MIMIC-III,0.54,XGBoost,0.105858479576115
MIMIC-III,0.54,Treat all,-0.461801510653489
MIMIC-III,0.54,Treat none,0
MIMIC-III,0.55,XGBoost,0.103236339191395
MIMIC-III,0.55,Treat all,-0.494285988668011
MIMIC-III,0.55,Treat none,0
MIMIC-III,0.56,XGBoost,0.101123595505618
MIMIC-III,0.56,Treat all,-0.528247033865012
MIMIC-III,0.56,Treat none,0
MIMIC-III,0.57,XGBoost,0.101244196096561
MIMIC-III,0.57,Treat all,-0.563787662559547
MIMIC-III,0.57,Treat none,0
MIMIC-III,0.58,XGBoost,0.0975840638761987
MIMIC-III,0.58,Treat all,-0.601020702144298
MIMIC-III,0.58,Treat none,0
MIMIC-III,0.59,XGBoost,0.094946982313384
MIMIC-III,0.59,Treat all,-0.640069987562452
MIMIC-III,0.59,Treat none,0
MIMIC-III,0.6,XGBoost,0.0924805531547104
MIMIC-III,0.6,Treat all,-0.681071737251513
MIMIC-III,0.6,Treat none,0
MIMIC-III,0.61,XGBoost,0.0898211555082773
MIMIC-III,0.61,Treat all,-0.724176140770783
MIMIC-III,0.61,Treat none,0
MIMIC-III,0.62,XGBoost,0.0837920211072192
MIMIC-III,0.62,Treat all,-0.769549197106856
MIMIC-III,0.62,Treat none,0
MIMIC-III,0.63,XGBoost,0.0746571982527039
MIMIC-III,0.63,Treat all,-0.817374851082717
MIMIC-III,0.63,Treat none,0
MIMIC-III,0.64,XGBoost,0.0720253529242293
MIMIC-III,0.64,Treat all,-0.867857485835014
MIMIC-III,0.64,Treat none,0
MIMIC-III,0.65,XGBoost,0.0648228176318064
MIMIC-III,0.65,Treat all,-0.921224842573158
MIMIC-III,0.65,Treat none,0
MIMIC-III,0.66,XGBoost,0.067619096039453
MIMIC-III,0.66,Treat all,-0.977731455590015
MIMIC-III,0.66,Treat none,0
MIMIC-III,0.67,XGBoost,0.0664728529897069
MIMIC-III,0.67,Treat all,-1.03766271182002
MIMIC-III,0.67,Treat none,0
MIMIC-III,0.68,XGBoost,0.0592048401037165
MIMIC-III,0.68,Treat all,-1.10133967156439
MIMIC-III,0.68,Treat none,0
MIMIC-III,0.69,XGBoost,0.0601109655114729
MIMIC-III,0.69,Treat all,-1.16912482226002
MIMIC-III,0.69,Treat none,0
MIMIC-III,0.7,XGBoost,0.0636704119850187
MIMIC-III,0.7,Treat all,-1.24142898300202
MIMIC-III,0.7,Treat none,0
MIMIC-III,0.71,XGBoost,0.0633922451047596
MIMIC-III,0.71,Treat all,-1.31871963758829
MIMIC-III,0.71,Treat none,0
MIMIC-III,0.72,XGBoost,0.0598839362884307
MIMIC-III,0.72,Treat all,-1.40153105321645
MIMIC-III,0.72,Treat none,0
MIMIC-III,0.73,XGBoost,0.0551554147059765
MIMIC-III,0.73,Treat all,-1.49047664778002
MIMIC-III,0.73,Treat none,0
MIMIC-III,0.74,XGBoost,0.0563792301043813
MIMIC-III,0.74,Treat all,-1.58626421115617
MIMIC-III,0.74,Treat none,0
MIMIC-III,0.75,XGBoost,0.0527225583405358
MIMIC-III,0.75,Treat all,-1.68971477960242
MIMIC-III,0.75,Treat none,0
MIMIC-III,0.76,XGBoost,0.0455200230481129
MIMIC-III,0.76,Treat all,-1.80178622875252
MIMIC-III,0.76,Treat none,0
MIMIC-III,0.77,XGBoost,0.0522340385554846
MIMIC-III,0.77,Treat all,-1.92360302130698
MIMIC-III,0.77,Treat none,0
MIMIC-III,0.78,XGBoost,0.0443152353264713
MIMIC-III,0.78,Treat all,-2.05649406773002
MIMIC-III,0.78,Treat none,0
MIMIC-III,0.79,XGBoost,0.0402518829485122
MIMIC-III,0.79,Treat all,-2.2020414042886
MIMIC-III,0.79,Treat none,0
MIMIC-III,0.8,XGBoost,0.0328435609334486
MIMIC-III,0.8,Treat all,-2.36214347450303
MIMIC-III,0.8,Treat none,0
MIMIC-IV temporal,0.05,XGBoost,0.295785105918323
MIMIC-IV temporal,0.05,Treat all,0.290674819829657
MIMIC-IV temporal,0.05,Treat none,0
MIMIC-IV temporal,0.06,XGBoost,0.289167475942438
MIMIC-IV temporal,0.06,Treat all,0.283128807274654
MIMIC-IV temporal,0.06,Treat none,0
MIMIC-IV temporal,0.07,XGBoost,0.283978048454022
MIMIC-IV temporal,0.07,Treat all,0.275420514879757
MIMIC-IV temporal,0.07,Treat none,0
MIMIC-IV temporal,0.08,XGBoost,0.276673281616453
MIMIC-IV temporal,0.08,Treat all,0.267544650911059
MIMIC-IV temporal,0.08,Treat none,0
MIMIC-IV temporal,0.09,XGBoost,0.267119602389312
MIMIC-IV temporal,0.09,Treat all,0.259495691030961
MIMIC-IV temporal,0.09,Treat none,0
MIMIC-IV temporal,0.1,XGBoost,0.260396496081143
MIMIC-IV temporal,0.1,Treat all,0.251267865375749
MIMIC-IV temporal,0.1,Treat none,0
MIMIC-IV temporal,0.11,XGBoost,0.255228681989836
MIMIC-IV temporal,0.11,Treat all,0.242855144761994
MIMIC-IV temporal,0.11,Treat none,0
MIMIC-IV temporal,0.12,XGBoost,0.249754809505847
MIMIC-IV temporal,0.12,Treat all,0.234251225952471
MIMIC-IV temporal,0.12,Treat none,0
MIMIC-IV temporal,0.13,XGBoost,0.245356989555015
MIMIC-IV temporal,0.13,Treat all,0.225449515905947
MIMIC-IV temporal,0.13,Treat none,0
MIMIC-IV temporal,0.14,XGBoost,0.239949821480266
MIMIC-IV temporal,0.14,Treat all,0.21644311492811
MIMIC-IV temporal,0.14,Treat none,0
MIMIC-IV temporal,0.15,XGBoost,0.235538198681962
MIMIC-IV temporal,0.15,Treat all,0.207224798633146
MIMIC-IV temporal,0.15,Treat none,0
MIMIC-IV temporal,0.16,XGBoost,0.231535269709544
MIMIC-IV temporal,0.16,Treat all,0.197786998616874
MIMIC-IV temporal,0.16,Treat none,0
MIMIC-IV temporal,0.17,XGBoost,0.22816577513373
MIMIC-IV temporal,0.17,Treat all,0.18812178173274
MIMIC-IV temporal,0.17,Treat none,0
MIMIC-IV temporal,0.18,XGBoost,0.224066390041494
MIMIC-IV temporal,0.18,Treat all,0.178220827851432
MIMIC-IV temporal,0.18,Treat none,0
MIMIC-IV temporal,0.19,XGBoost,0.222181240715127
MIMIC-IV temporal,0.19,Treat all,0.168075405973055
MIMIC-IV temporal,0.19,Treat none,0
MIMIC-IV temporal,0.2,XGBoost,0.219087136929461
MIMIC-IV temporal,0.2,Treat all,0.157676348547718
MIMIC-IV temporal,0.2,Treat none,0
MIMIC-IV temporal,0.21,XGBoost,0.214444035926257
MIMIC-IV temporal,0.21,Treat all,0.14701402384579
MIMIC-IV temporal,0.21,Treat none,0
MIMIC-IV temporal,0.22,XGBoost,0.208766890094691
MIMIC-IV temporal,0.22,Treat all,0.136078306202788
MIMIC-IV temporal,0.22,Treat none,0
MIMIC-IV temporal,0.23,XGBoost,0.203729051031956
MIMIC-IV temporal,0.23,Treat all,0.124858543945681
MIMIC-IV temporal,0.23,Treat none,0
MIMIC-IV temporal,0.24,XGBoost,0.200611487224285
MIMIC-IV temporal,0.24,Treat all,0.113343524787071
MIMIC-IV temporal,0.24,Treat none,0
MIMIC-IV temporal,0.25,XGBoost,0.198340248962656
MIMIC-IV temporal,0.25,Treat all,0.101521438450899
MIMIC-IV temporal,0.25,Treat none,0
MIMIC-IV temporal,0.26,XGBoost,0.193517999327128
MIMIC-IV temporal,0.26,Treat all,0.0893798362678031
MIMIC-IV temporal,0.26,Treat none,0
MIMIC-IV temporal,0.27,XGBoost,0.188461319843119
MIMIC-IV temporal,0.27,Treat all,0.0769055874495538
MIMIC-IV temporal,0.27,Treat none,0
MIMIC-IV temporal,0.28,XGBoost,0.18427846934071
MIMIC-IV temporal,0.28,Treat all,0.0640848317196864
MIMIC-IV temporal,0.28,Treat none,0
MIMIC-IV temporal,0.29,XGBoost,0.180819355969844
MIMIC-IV temporal,0.29,Treat all,0.0509029279410905
MIMIC-IV temporal,0.29,Treat none,0
MIMIC-IV temporal,0.3,XGBoost,0.17628927089508
MIMIC-IV temporal,0.3,Treat all,0.0373443983402489
MIMIC-IV temporal,0.3,Treat none,0
MIMIC-IV temporal,0.31,XGBoost,0.172962896145288
MIMIC-IV temporal,0.31,Treat all,0.0233928678814119
MIMIC-IV temporal,0.31,Treat none,0
MIMIC-IV temporal,0.32,XGBoost,0.168220649255553
MIMIC-IV temporal,0.32,Treat all,0.00903099829143267
MIMIC-IV temporal,0.32,Treat none,0
MIMIC-IV temporal,0.33,XGBoost,0.163609339196136
MIMIC-IV temporal,0.33,Treat all,-0.00575958382362052
MIMIC-IV temporal,0.33,Treat none,0
MIMIC-IV temporal,0.34,XGBoost,0.157047654972966
MIMIC-IV temporal,0.34,Treat all,-0.0209983653967056
MIMIC-IV temporal,0.34,Treat none,0
MIMIC-IV temporal,0.35,XGBoost,0.152314075965528
MIMIC-IV temporal,0.35,Treat all,-0.0367060325566549
MIMIC-IV temporal,0.35,Treat none,0
MIMIC-IV temporal,0.36,XGBoost,0.148392116182573
MIMIC-IV temporal,0.36,Treat all,-0.0529045643153527
MIMIC-IV temporal,0.36,Treat none,0
MIMIC-IV temporal,0.37,XGBoost,0.14201409471119
MIMIC-IV temporal,0.37,Treat all,-0.0696173351775012
MIMIC-IV temporal,0.37,Treat none,0
MIMIC-IV temporal,0.38,XGBoost,0.137331013251238
MIMIC-IV temporal,0.38,Treat all,-0.0868692276803641
MIMIC-IV temporal,0.38,Treat none,0
MIMIC-IV temporal,0.39,XGBoost,0.132385552003265
MIMIC-IV temporal,0.39,Treat all,-0.104686756002993
MIMIC-IV temporal,0.39,Treat none,0
MIMIC-IV temporal,0.4,XGBoost,0.130843706777317
MIMIC-IV temporal,0.4,Treat all,-0.123098201936376
MIMIC-IV temporal,0.4,Treat none,0
MIMIC-IV temporal,0.41,XGBoost,0.12621140727196
MIMIC-IV temporal,0.41,Treat all,-0.142133764681061
MIMIC-IV temporal,0.41,Treat none,0
MIMIC-IV temporal,0.42,XGBoost,0.121447989698097
MIMIC-IV temporal,0.42,Treat all,-0.161825726141079
MIMIC-IV temporal,0.42,Treat none,0
MIMIC-IV temporal,0.43,XGBoost,0.118497488534615
MIMIC-IV temporal,0.43,Treat all,-0.182208633617238
MIMIC-IV temporal,0.43,Treat none,0
MIMIC-IV temporal,0.44,XGBoost,0.116360403082395
MIMIC-IV temporal,0.44,Treat all,-0.203319502074689
MIMIC-IV temporal,0.44,Treat none,0
MIMIC-IV temporal,0.45,XGBoost,0.110750660128254
MIMIC-IV temporal,0.45,Treat all,-0.225198038476047
MIMIC-IV temporal,0.45,Treat none,0
MIMIC-IV temporal,0.46,XGBoost,0.108529276164131
MIMIC-IV temporal,0.46,Treat all,-0.247886891040418
MIMIC-IV temporal,0.46,Treat none,0
MIMIC-IV temporal,0.47,XGBoost,0.104626947467314
MIMIC-IV temporal,0.47,Treat all,-0.271431926720426
MIMIC-IV temporal,0.47,Treat none,0
MIMIC-IV temporal,0.48,XGBoost,0.101691669326524
MIMIC-IV temporal,0.48,Treat all,-0.295882540695819
MIMIC-IV temporal,0.48,Treat none,0
MIMIC-IV temporal,0.49,XGBoost,0.0997965991375803
MIMIC-IV temporal,0.49,Treat all,-0.32129200227809
MIMIC-IV temporal,0.49,Treat none,0
MIMIC-IV temporal,0.5,XGBoost,0.0987551867219917
MIMIC-IV temporal,0.5,Treat all,-0.347717842323652
MIMIC-IV temporal,0.5,Treat none,0
MIMIC-IV temporal,0.51,XGBoost,0.0961470065204505
MIMIC-IV temporal,0.51,Treat all,-0.375222288085359
MIMIC-IV temporal,0.51,Treat none,0
MIMIC-IV temporal,0.52,XGBoost,0.0955048409405256
MIMIC-IV temporal,0.52,Treat all,-0.40387275242047
MIMIC-IV temporal,0.52,Treat none,0
MIMIC-IV temporal,0.53,XGBoost,0.0901032930166858
MIMIC-IV temporal,0.53,Treat all,-0.433742385450693
MIMIC-IV temporal,0.53,Treat none,0
MIMIC-IV temporal,0.54,XGBoost,0.0853689337903662
MIMIC-IV temporal,0.54,Treat all,-0.464910698177882
MIMIC-IV temporal,0.54,Treat none,0
MIMIC-IV temporal,0.55,XGBoost,0.077731673582296
MIMIC-IV temporal,0.55,Treat all,-0.497464269248502
MIMIC-IV temporal,0.55,Treat none,0
MIMIC-IV temporal,0.56,XGBoost,0.0742361373066767
MIMIC-IV temporal,0.56,Treat all,-0.531497548095059
MIMIC-IV temporal,0.56,Treat none,0
MIMIC-IV temporal,0.57,XGBoost,0.066756730676445
MIMIC-IV temporal,0.57,Treat all,-0.567113770143781
MIMIC-IV temporal,0.57,Treat none,0
MIMIC-IV temporal,0.58,XGBoost,0.067061845485082
MIMIC-IV temporal,0.58,Treat all,-0.604426002766252
MIMIC-IV temporal,0.58,Treat none,0
MIMIC-IV temporal,0.59,XGBoost,0.0666936544884121
MIMIC-IV temporal,0.59,Treat all,-0.643558344297136
MIMIC-IV temporal,0.59,Treat none,0
MIMIC-IV temporal,0.6,XGBoost,0.0639004149377593
MIMIC-IV temporal,0.6,Treat all,-0.684647302904565
MIMIC-IV temporal,0.6,Treat none,0
MIMIC-IV temporal,0.61,XGBoost,0.0540908607298648
MIMIC-IV temporal,0.61,Treat all,-0.727843387594426
MIMIC-IV temporal,0.61,Treat none,0
MIMIC-IV temporal,0.62,XGBoost,0.0496614981436995
MIMIC-IV temporal,0.62,Treat all,-0.773312950425858
MIMIC-IV temporal,0.62,Treat none,0
MIMIC-IV temporal,0.63,XGBoost,0.0477963440619042
MIMIC-IV temporal,0.63,Treat all,-0.821240327464394
MIMIC-IV temporal,0.63,Treat none,0
MIMIC-IV temporal,0.64,XGBoost,0.0473029045643154
MIMIC-IV temporal,0.64,Treat all,-0.871830336560627
MIMIC-IV temporal,0.64,Treat none,0
MIMIC-IV temporal,0.65,XGBoost,0.0469472436277415
MIMIC-IV temporal,0.65,Treat all,-0.925311203319502
MIMIC-IV temporal,0.65,Treat none,0
MIMIC-IV temporal,0.66,XGBoost,0.043739321454723
MIMIC-IV temporal,0.66,Treat all,-0.981938003417135
MIMIC-IV temporal,0.66,Treat none,0
MIMIC-IV temporal,0.67,XGBoost,0.0408399346158682
MIMIC-IV temporal,0.67,Treat all,-1.04199673079341
MIMIC-IV temporal,0.67,Treat none,0
MIMIC-IV temporal,0.68,XGBoost,0.041701244813278
MIMIC-IV temporal,0.68,Treat all,-1.10580912863071
MIMIC-IV temporal,0.68,Treat none,0
MIMIC-IV temporal,0.69,XGBoost,0.042082719850087
MIMIC-IV temporal,0.69,Treat all,-1.17373845536073
MIMIC-IV temporal,0.69,Treat none,0
MIMIC-IV temporal,0.7,XGBoost,0.0439834024896265
MIMIC-IV temporal,0.7,Treat all,-1.24619640387275
MIMIC-IV temporal,0.7,Treat none,0
MIMIC-IV temporal,0.71,XGBoost,0.040434969237373
MIMIC-IV temporal,0.71,Treat all,-1.32365145228216
MIMIC-IV temporal,0.71,Treat none,0
MIMIC-IV temporal,0.72,XGBoost,0.0412566686425607
MIMIC-IV temporal,0.72,Treat all,-1.40663900414938
MIMIC-IV temporal,0.72,Treat none,0
MIMIC-IV temporal,0.73,XGBoost,0.0395573997233748
MIMIC-IV temporal,0.73,Treat all,-1.49577378208084
MIMIC-IV temporal,0.73,Treat none,0
MIMIC-IV temporal,0.74,XGBoost,0.0382381104372805
MIMIC-IV temporal,0.74,Treat all,-1.59176508139164
MIMIC-IV temporal,0.74,Treat none,0
MIMIC-IV temporal,0.75,XGBoost,0.0356846473029045
MIMIC-IV temporal,0.75,Treat all,-1.6954356846473
MIMIC-IV temporal,0.75,Treat none,0
MIMIC-IV temporal,0.76,XGBoost,0.0334716459197787
MIMIC-IV temporal,0.76,Treat all,-1.80774550484094
MIMIC-IV temporal,0.76,Treat none,0
MIMIC-IV temporal,0.77,XGBoost,0.0306693126465813
MIMIC-IV temporal,0.77,Treat all,-1.92982139635576
MIMIC-IV temporal,0.77,Treat none,0
MIMIC-IV temporal,0.78,XGBoost,0.0289701999245568
MIMIC-IV temporal,0.78,Treat all,-2.06299509619012
MIMIC-IV temporal,0.78,Treat none,0
MIMIC-IV temporal,0.79,XGBoost,0.0277810709345979
MIMIC-IV temporal,0.79,Treat all,-2.2088520055325
MIMIC-IV temporal,0.79,Treat none,0
MIMIC-IV temporal,0.8,XGBoost,0.0215767634854771
MIMIC-IV temporal,0.8,Treat all,-2.36929460580913
MIMIC-IV temporal,0.8,Treat none,0
NWICU,0.05,XGBoost,0.220379341489449
NWICU,0.05,Treat all,0.216684456851958
NWICU,0.05,Treat none,0
NWICU,0.06,XGBoost,0.214027284495635
NWICU,0.06,Treat all,0.208351312775915
NWICU,0.06,Treat none,0
NWICU,0.07,XGBoost,0.208528341133645
NWICU,0.07,Treat all,0.199838961300387
NWICU,0.07,Treat none,0
NWICU,0.08,XGBoost,0.201790680322865
NWICU,0.08,Treat all,0.191141558705826
NWICU,0.08,Treat none,0
NWICU,0.09,XGBoost,0.195487819512781
NWICU,0.09,Treat all,0.182253004405891
NWICU,0.09,Treat none,0
NWICU,0.1,XGBoost,0.191714335240076
NWICU,0.1,Treat all,0.173166926677067
NWICU,0.1,Treat none,0
NWICU,0.11,XGBoost,0.186173289628214
NWICU,0.11,Treat all,0.163876667426248
NWICU,0.11,Treat none,0
NWICU,0.12,XGBoost,0.181038150616934
NWICU,0.12,Treat all,0.154375265919728
NWICU,0.12,Treat none,0
NWICU,0.13,XGBoost,0.177721591622286
NWICU,0.13,Treat all,0.144655441390069
NWICU,0.13,Treat none,0
NWICU,0.14,XGBoost,0.173094365635091
NWICU,0.14,Treat all,0.134709574429489
NWICU,0.14,Treat none,0
NWICU,0.15,XGBoost,0.16738551895017
NWICU,0.15,Treat all,0.124529687069836
NWICU,0.15,Treat none,0
NWICU,0.16,XGBoost,0.159572097169601
NWICU,0.16,Treat all,0.114107421439715
NWICU,0.16,Treat none,0
NWICU,0.17,XGBoost,0.156607710091536
NWICU,0.17,Treat all,0.103434016878747
NWICU,0.17,Treat none,0
NWICU,0.18,XGBoost,0.154255926334614
NWICU,0.18,Treat all,0.0925002853772688
NWICU,0.18,Treat none,0
NWICU,0.19,XGBoost,0.151499393309066
NWICU,0.19,Treat all,0.0812965851967412
NWICU,0.19,Treat none,0
NWICU,0.2,XGBoost,0.146255850234009
NWICU,0.2,Treat all,0.0698127925117005
NWICU,0.2,Treat none,0
NWICU,0.21,XGBoost,0.143703469657774
NWICU,0.21,Treat all,0.0580382708979245
NWICU,0.21,Treat none,0
NWICU,0.22,XGBoost,0.140245609824393
NWICU,0.22,Treat all,0.0459618384735389
NWICU,0.22,Treat none,0
NWICU,0.23,XGBoost,0.137528618027838
NWICU,0.23,Treat all,0.0335717324796888
NWICU,0.23,Treat none,0
NWICU,0.24,XGBoost,0.136218080302159
NWICU,0.24,Treat all,0.0208555710649478
NWICU,0.24,Treat none,0
NWICU,0.25,XGBoost,0.134165366614665
NWICU,0.25,Treat all,0.00780031201248047
NWICU,0.25,Treat none,0
NWICU,0.26,XGBoost,0.13020196483535
NWICU,0.26,Treat all,-0.00560779187924276
NWICU,0.26,Treat none,0
NWICU,0.27,XGBoost,0.125809415938281
NWICU,0.27,Treat all,-0.019383241083068
NWICU,0.27,Treat none,0
NWICU,0.28,XGBoost,0.122118218062056
NWICU,0.28,Treat all,-0.0335413416536662
NWICU,0.28,Treat none,0
NWICU,0.29,XGBoost,0.120212695831777
NWICU,0.29,Treat all,-0.0480982619586474
NWICU,0.29,Treat none,0
NWICU,0.3,XGBoost,0.117004680187208
NWICU,0.3,Treat all,-0.0630710942723424
NWICU,0.3,Treat none,0
NWICU,0.31,XGBoost,0.115535056184856
NWICU,0.31,Treat all,-0.0784779217255647
NWICU,0.31,Treat none,0
NWICU,0.32,XGBoost,0.108929063044875
NWICU,0.32,Treat all,-0.0943378911627054
NWICU,0.32,Treat none,0
NWICU,0.33,XGBoost,0.103057256618623
NWICU,0.33,Treat all,-0.110671292523343
NWICU,0.33,Treat none,0
NWICU,0.34,XGBoost,0.0980948328842245
NWICU,0.34,Treat all,-0.127499645440363
NWICU,0.34,Treat none,0
NWICU,0.35,XGBoost,0.0997239889595584
NWICU,0.35,Treat all,-0.144845793831753
NWICU,0.35,Treat none,0
NWICU,0.36,XGBoost,0.0976014040561622
NWICU,0.36,Treat all,-0.162734009360374
NWICU,0.36,Treat none,0
NWICU,0.37,XGBoost,0.0932323007206002
NWICU,0.37,Treat all,-0.181190104747047
NWICU,0.37,Treat none,0
NWICU,0.38,XGBoost,0.0905842685320316
NWICU,0.38,Treat all,-0.200241558049419
NWICU,0.38,Treat none,0
NWICU,0.39,XGBoost,0.0881051635508043
NWICU,0.39,Treat all,-0.219917649164983
NWICU,0.39,Treat none,0
NWICU,0.4,XGBoost,0.0816432657306292
NWICU,0.4,Treat all,-0.240249609984399
NWICU,0.4,Treat none,0
NWICU,0.41,XGBoost,0.0757555725957852
NWICU,0.41,Treat all,-0.261270789814643
NWICU,0.41,Treat none,0
NWICU,0.42,XGBoost,0.0732691376620583
NWICU,0.42,Treat all,-0.283016837914896
NWICU,0.42,Treat none,0
NWICU,0.43,XGBoost,0.07066808988149
NWICU,0.43,Treat all,-0.305525905246736
NWICU,0.43,Treat none,0
NWICU,0.44,XGBoost,0.0634053933585915
NWICU,0.44,Treat all,-0.328838867840428
NWICU,0.44,Treat none,0
NWICU,0.45,XGBoost,0.0615515529712098
NWICU,0.45,Treat all,-0.352999574528436
NWICU,0.45,Treat none,0
NWICU,0.46,XGBoost,0.0600335124516092
NWICU,0.46,Treat all,-0.378055122204888
NWICU,0.46,Treat none,0
NWICU,0.47,XGBoost,0.0592235010155123
NWICU,0.47,Treat all,-0.40405616224649
NWICU,0.47,Treat none,0
NWICU,0.48,XGBoost,0.0570022800912037
NWICU,0.48,Treat all,-0.431057242289692
NWICU,0.48,Treat none,0
NWICU,0.49,XGBoost,0.0517573644122236
NWICU,0.49,Treat all,-0.45911718821694
NWICU,0.49,Treat none,0
NWICU,0.5,XGBoost,0.0514820592823713
NWICU,0.5,Treat all,-0.488299531981279
NWICU,0.5,Treat none,0
NWICU,0.51,XGBoost,0.0498264828552326
NWICU,0.51,Treat all,-0.518672991817632
NWICU,0.51,Treat none,0
NWICU,0.52,XGBoost,0.0499219968798752
NWICU,0.52,Treat all,-0.550312012480499
NWICU,0.52,Treat none,0
NWICU,0.53,XGBoost,0.0488598267334949
NWICU,0.53,Treat all,-0.58329737444817
NWICU,0.53,Treat none,0
NWICU,0.54,XGBoost,0.044224377670759
NWICU,0.54,Treat all,-0.617716882588347
NWICU,0.54,Treat none,0
NWICU,0.55,XGBoost,0.0374414976599064
NWICU,0.55,Treat all,-0.653666146645866
NWICU,0.55,Treat none,0
NWICU,0.56,XGBoost,0.0353141398383208
NWICU,0.56,Treat all,-0.691249468160545
NWICU,0.56,Treat none,0
NWICU,0.57,XGBoost,0.0303305155462032
NWICU,0.57,Treat all,-0.730580851141023
NWICU,0.57,Treat none,0
NWICU,0.58,XGBoost,0.0318698462224203
NWICU,0.58,Treat all,-0.771785157120571
NWICU,0.58,Treat none,0
NWICU,0.59,XGBoost,0.0314676001674213
NWICU,0.59,Treat all,-0.814999429245463
NWICU,0.59,Treat none,0
NWICU,0.6,XGBoost,0.0288611544461778
NWICU,0.6,Treat all,-0.8603744149766
NWICU,0.6,Treat none,0
NWICU,0.61,XGBoost,0.0272810912436497
NWICU,0.61,Treat all,-0.908076323052923
NWICU,0.61,Treat none,0
NWICU,0.62,XGBoost,0.0258641924624353
NWICU,0.62,Treat all,-0.958288857870105
NWICU,0.62,Treat none,0
NWICU,0.63,XGBoost,0.0283762701859426
NWICU,0.63,Treat all,-1.01121558375849
NWICU,0.63,Treat none,0
NWICU,0.64,XGBoost,0.0220142139018894
NWICU,0.64,Treat all,-1.06708268330733
NWICU,0.64,Treat none,0
NWICU,0.65,XGBoost,0.0198350791174504
NWICU,0.65,Treat all,-1.12614218854469
NWICU,0.65,Treat none,0
NWICU,0.66,XGBoost,0.0160594659080481
NWICU,0.66,Treat all,-1.18867578232541
NWICU,0.66,Treat none,0
NWICU,0.67,XGBoost,0.0170188625726847
NWICU,0.67,Treat all,-1.25499929088073
NWICU,0.67,Treat none,0
NWICU,0.68,XGBoost,0.0105304212168486
NWICU,0.68,Treat all,-1.32546801872075
NWICU,0.68,Treat none,0
NWICU,0.69,XGBoost,0.00744803985707813
NWICU,0.69,Treat all,-1.40048311609884
NWICU,0.69,Treat none,0
NWICU,0.7,XGBoost,0.0020800832033281
NWICU,0.7,Treat all,-1.4804992199688
NWICU,0.7,Treat none,0
NWICU,0.71,XGBoost,0.00156006240249605
NWICU,0.71,Treat all,-1.56603367582979
NWICU,0.71,Treat none,0
NWICU,0.72,XGBoost,-4.16333634234434e-17
NWICU,0.72,Treat all,-1.65767773568086
NWICU,0.72,Treat none,0
NWICU,0.73,XGBoost,-0.000462240711850748
NWICU,0.73,Treat all,-1.75611024440978
NWICU,0.73,Treat none,0
NWICU,0.74,XGBoost,-0.00936037441497667
NWICU,0.74,Treat all,-1.86211448457938
NWICU,0.74,Treat none,0
NWICU,0.75,XGBoost,-0.00468018720748836
NWICU,0.75,Treat all,-1.97659906396256
NWICU,0.75,Treat none,0
NWICU,0.76,XGBoost,0.00260010400416015
NWICU,0.76,Treat all,-2.100624024961
NWICU,0.76,Treat none,0
NWICU,0.77,XGBoost,0.00583327680933324
NWICU,0.77,Treat all,-2.23543376517669
NWICU,0.77,Treat none,0
NWICU,0.78,XGBoost,-0.00283647709544747
NWICU,0.78,Treat all,-2.38249893632109
NWICU,0.78,Treat none,0
NWICU,0.79,XGBoost,-0.00304583611915908
NWICU,0.79,Treat all,-2.54357031424114
NWICU,0.79,Treat none,0
NWICU,0.8,XGBoost,-0.00780031201248055
NWICU,0.8,Treat all,-2.7207488299532
NWICU,0.8,Treat none,0
eICU,0.05,XGBoost,0.285888047031397
eICU,0.05,Treat all,0.28185895649089
eICU,0.05,Treat none,0
eICU,0.06,XGBoost,0.280252819635522
eICU,0.06,Treat all,0.274219158155687
eICU,0.06,Treat none,0
eICU,0.07,XGBoost,0.27484326546249
eICU,0.07,Treat all,0.266415063082092
eICU,0.07,Treat none,0
eICU,0.08,XGBoost,0.268258985577024
eICU,0.08,Treat all,0.258441313767767
eICU,0.08,Treat none,0
eICU,0.09,XGBoost,0.263715100498923
eICU,0.09,Treat all,0.250292317215765
eICU,0.09,Treat none,0
eICU,0.1,XGBoost,0.259562403038571
eICU,0.1,Treat all,0.241962231851495
eICU,0.1,Treat none,0
eICU,0.11,XGBoost,0.254380507754811
eICU,0.11,Treat all,0.233444953557692
eICU,0.11,Treat none,0
eICU,0.12,XGBoost,0.249463824572154
eICU,0.12,Treat all,0.224734100757211
eICU,0.12,Treat none,0
eICU,0.13,XGBoost,0.24557413156686
eICU,0.13,Treat all,0.215822998467064
eICU,0.13,Treat none,0
eICU,0.14,XGBoost,0.241761933020569
eICU,0.14,Treat all,0.206704661239937
eICU,0.14,Treat none,0
eICU,0.15,XGBoost,0.236766829986689
eICU,0.15,Treat all,0.197371774901583
eICU,0.15,Treat none,0
eICU,0.16,XGBoost,0.232088405896783
eICU,0.16,Treat all,0.187816676983745
eICU,0.16,Treat none,0
eICU,0.17,XGBoost,0.227268244861971
eICU,0.17,Treat all,0.178031335742585
eICU,0.17,Treat none,0
eICU,0.18,XGBoost,0.223751423840671
eICU,0.18,Treat all,0.168007327641885
eICU,0.18,Treat none,0
eICU,0.19,XGBoost,0.218560720887795
eICU,0.19,Treat all,0.157735813168328
eICU,0.19,Treat none,0
eICU,0.2,XGBoost,0.215334617236399
eICU,0.2,Treat all,0.147207510832932
eICU,0.2,Treat none,0
eICU,0.21,XGBoost,0.211551470901922
eICU,0.21,Treat all,0.136412669197906
eICU,0.21,Treat none,0
eICU,0.22,XGBoost,0.206720738738071
eICU,0.22,Treat all,0.125341036751725
eICU,0.22,Treat none,0
eICU,0.23,XGBoost,0.201664488616824
eICU,0.23,Treat all,0.113981829436813
eICU,0.23,Treat none,0
eICU,0.24,XGBoost,0.195626282847224
eICU,0.24,Treat all,0.102323695613613
eICU,0.24,Treat none,0
eICU,0.25,XGBoost,0.193227411330445
eICU,0.25,Treat all,0.0903546782217942
eICU,0.25,Treat none,0
eICU,0.26,XGBoost,0.18954052752801
eICU,0.26,Treat all,0.0780621738734401
eICU,0.26,Treat none,0
eICU,0.27,XGBoost,0.186596843445169
eICU,0.27,Treat all,0.0654328885840351
eICU,0.27,Treat none,0
eICU,0.28,XGBoost,0.182608463061039
eICU,0.28,Treat all,0.052452789814369
eICU,0.28,Treat none,0
eICU,0.29,XGBoost,0.178161893847437
eICU,0.29,Treat all,0.0391070544596418
eICU,0.29,Treat none,0
eICU,0.3,XGBoost,0.173189352775294
eICU,0.3,Treat all,0.0253800123804938
eICU,0.3,Treat none,0
eICU,0.31,XGBoost,0.169977601473697
eICU,0.31,Treat all,0.0112550850236894
eICU,0.31,Treat none,0
eICU,0.32,XGBoost,0.164320711433346
eICU,0.32,Treat all,-0.00328528137302109
eICU,0.32,Treat none,0
eICU,0.33,XGBoost,0.161254392457549
eICU,0.33,Treat all,-0.0182596885576931
eICU,0.33,Treat none,0
eICU,0.34,XGBoost,0.158547438759283
eICU,0.34,Treat all,-0.033687865657052
eICU,0.34,Treat none,0
eICU,0.35,XGBoost,0.152512869893708
eICU,0.35,Treat all,-0.0495907558979297
eICU,0.35,Treat none,0
eICU,0.36,XGBoost,0.147568608570053
eICU,0.36,Treat all,-0.0659906114588349
eICU,0.36,Treat none,0
eICU,0.37,XGBoost,0.144286249245325
eICU,0.37,Treat all,-0.0829110973550069
eICU,0.37,Treat none,0
eICU,0.38,XGBoost,0.140773758677994
eICU,0.38,Treat all,-0.100377405376862
eICU,0.38,Treat none,0
eICU,0.39,XGBoost,0.137090854558514
eICU,0.39,Treat all,-0.118416379235499
eICU,0.39,Treat none,0
eICU,0.4,XGBoost,0.136093724923768
eICU,0.4,Treat all,-0.137056652222757
eICU,0.4,Treat none,0
eICU,0.41,XGBoost,0.134059064981272
eICU,0.41,Treat all,-0.1563287988706
eICU,0.41,Treat none,0
eICU,0.42,XGBoost,0.130742284129962
eICU,0.42,Treat all,-0.176265502299404
eICU,0.42,Treat none,0
eICU,0.43,XGBoost,0.123845965419085
eICU,0.43,Treat all,-0.19690173918185
eICU,0.43,Treat none,0
eICU,0.44,XGBoost,0.119059082467845
eICU,0.44,Treat all,-0.218274984524383
eICU,0.44,Treat none,0
eICU,0.45,XGBoost,0.11550750645599
eICU,0.45,Treat all,-0.240425438788462
eICU,0.45,Treat none,0
eICU,0.46,XGBoost,0.109096096578042
eICU,0.46,Treat all,-0.263396280247508
eICU,0.46,Treat none,0
eICU,0.47,XGBoost,0.104105158928425
eICU,0.47,Treat all,-0.287233945912555
eICU,0.47,Treat none,0
eICU,0.48,XGBoost,0.0987741194770564
eICU,0.48,Treat all,-0.311988444872412
eICU,0.48,Treat none,0
eICU,0.49,XGBoost,0.0924976634852304
eICU,0.49,Treat all,-0.337713708497361
eICU,0.49,Treat none,0
eICU,0.5,XGBoost,0.0847376023110255
eICU,0.5,Treat all,-0.364467982667309
eICU,0.5,Treat none,0
eICU,0.51,XGBoost,0.0808858931150698
eICU,0.51,Treat all,-0.392314268027866
eICU,0.51,Treat none,0
eICU,0.52,XGBoost,0.0780773551596854
eICU,0.52,Treat all,-0.421320815278447
eICU,0.52,Treat none,0
eICU,0.53,XGBoost,0.0743912558006126
eICU,0.53,Treat all,-0.451561683688626
eICU,0.53,Treat none,0
eICU,0.54,XGBoost,0.0713612861359402
eICU,0.54,Treat all,-0.483117372464466
eICU,0.54,Treat none,0
eICU,0.55,XGBoost,0.0676188947734446
eICU,0.55,Treat all,-0.51607553629701
eICU,0.55,Treat none,0
eICU,0.56,XGBoost,0.0593075677331816
eICU,0.56,Treat all,-0.550531798485578
eICU,0.56,Treat none,0
eICU,0.57,XGBoost,0.0589960923066587
eICU,0.57,Treat all,-0.586590677520127
eICU,0.57,Treat none,0
eICU,0.58,XGBoost,0.0583258821101864
eICU,0.58,Treat all,-0.624366646032511
eICU,0.58,Treat none,0
eICU,0.59,XGBoost,0.0533720069988374
eICU,0.59,Treat all,-0.663985344716231
eICU,0.59,Treat none,0
eICU,0.6,XGBoost,0.0495907558979296
eICU,0.6,Treat all,-0.705584978334136
eICU,0.6,Treat none,0
eICU,0.61,XGBoost,0.0432946927891559
eICU,0.61,Treat all,-0.74931792649655
eICU,0.61,Treat none,0
eICU,0.62,XGBoost,0.0380102881179838
eICU,0.62,Treat all,-0.795352608772775
eICU,0.62,Treat none,0
eICU,0.63,XGBoost,0.0386602298012986
eICU,0.63,Treat all,-0.84387565225312
eICU,0.63,Treat none,0
eICU,0.64,XGBoost,0.0345583908414915
eICU,0.64,Treat all,-0.895094420371262
eICU,0.64,Treat none,0
eICU,0.65,XGBoost,0.0299883073113694
eICU,0.65,Treat all,-0.949239975239013
eICU,0.65,Treat none,0
eICU,0.66,XGBoost,0.0342405618964003
eICU,0.66,Treat all,-1.00657056274604
eICU,0.66,Treat none,0
eICU,0.67,XGBoost,0.0276622751345909
eICU,0.67,Treat all,-1.0673757313141
eICU,0.67,Treat none,0
eICU,0.68,XGBoost,0.0283461723639865
eICU,0.68,Treat all,-1.13198122291767
eICU,0.68,Treat none,0
eICU,0.69,XGBoost,0.0273347104229114
eICU,0.69,Treat all,-1.20075481075372
eICU,0.69,Treat none,0
eICU,0.7,XGBoost,0.0288878189696677
eICU,0.7,Treat all,-1.27411330444552
eICU,0.7,Treat none,0
eICU,0.71,XGBoost,0.027194395099032
eICU,0.71,Treat all,-1.35253100459881
eICU,0.71,Treat none,0
eICU,0.72,XGBoost,0.0237980603892977
eICU,0.72,Treat all,-1.43654996904877
eICU,0.72,Treat none,0
eICU,0.73,XGBoost,0.0172613634337274
eICU,0.73,Treat all,-1.52679256049502
eICU,0.73,Treat none,0
eICU,0.74,XGBoost,0.0184067256768267
eICU,0.74,Treat all,-1.62397688974483
eICU,0.74,Treat none,0
eICU,0.75,XGBoost,0.012518054886856
eICU,0.75,Treat all,-1.72893596533462
eICU,0.75,Treat none,0
eICU,0.76,XGBoost,0.0139624458353394
eICU,0.76,Treat all,-1.84264163055689
eICU,0.76,Treat none,0
eICU,0.77,XGBoost,0.00883381130811581
eICU,0.77,Treat all,-1.96623474492893
eICU,0.77,Treat none,0
eICU,0.78,XGBoost,0.00976058125793319
eICU,0.78,Treat all,-2.10106359697116
eICU,0.78,Treat none,0
eICU,0.79,XGBoost,0.00376000183414721
eICU,0.79,Treat all,-2.24873329206502
eICU,0.79,Treat none,0
eICU,0.8,XGBoost,0.000962927298988891
eICU,0.8,Treat all,-2.41116995666827
eICU,0.8,Treat none,0
