Outer_Fold,Feature,Boruta,LASSO,Selected,Forced,Fallback,Lambda_1se
1,Age,TRUE,FALSE,FALSE,FALSE,FALSE,0.0162147849511904
1,Gender,FALSE,TRUE,FALSE,FALSE,FALSE,0.0162147849511904
1,Race,FALSE,FALSE,FALSE,FALSE,FALSE,0.0162147849511904
1,ICU_Type,TRUE,TRUE,TRUE,FALSE,FALSE,0.0162147849511904
1,SOFA,TRUE,TRUE,TRUE,FALSE,FALSE,0.0162147849511904
1,OASIS,TRUE,FALSE,FALSE,FALSE,FALSE,0.0162147849511904
1,Charlson,TRUE,FALSE,FALSE,FALSE,FALSE,0.0162147849511904
1,Hypertension,FALSE,FALSE,FALSE,FALSE,FALSE,0.0162147849511904
1,Diabetes,FALSE,FALSE,FALSE,FALSE,FALSE,0.0162147849511904
1,COPD,FALSE,FALSE,FALSE,FALSE,FALSE,0.0162147849511904
1,HF,TRUE,FALSE,FALSE,FALSE,FALSE,0.0162147849511904
1,Stroke,FALSE,FALSE,FALSE,FALSE,FALSE,0.0162147849511904
1,Malignancy,FALSE,FALSE,FALSE,FALSE,FALSE,0.0162147849511904
1,Lung_Infection,FALSE,FALSE,FALSE,FALSE,FALSE,0.0162147849511904
1,GI_Infection,TRUE,TRUE,TRUE,FALSE,FALSE,0.0162147849511904
1,GU_Infection,FALSE,FALSE,FALSE,FALSE,FALSE,0.0162147849511904
1,Other_Infection,TRUE,FALSE,FALSE,FALSE,FALSE,0.0162147849511904
1,MAP,TRUE,TRUE,TRUE,FALSE,FALSE,0.0162147849511904
1,Heart_Rate,TRUE,FALSE,FALSE,FALSE,FALSE,0.0162147849511904
1,Resp_Rate,TRUE,FALSE,FALSE,FALSE,FALSE,0.0162147849511904
1,Temperature,TRUE,FALSE,FALSE,FALSE,FALSE,0.0162147849511904
1,Hb,FALSE,FALSE,FALSE,FALSE,FALSE,0.0162147849511904
1,WBC,TRUE,FALSE,FALSE,FALSE,FALSE,0.0162147849511904
1,Plt,TRUE,FALSE,FALSE,FALSE,FALSE,0.0162147849511904
1,Cre,TRUE,TRUE,TRUE,FALSE,FALSE,0.0162147849511904
1,AST,TRUE,FALSE,FALSE,FALSE,FALSE,0.0162147849511904
1,TBil,TRUE,TRUE,TRUE,FALSE,FALSE,0.0162147849511904
1,Na,TRUE,TRUE,TRUE,FALSE,FALSE,0.0162147849511904
1,K,TRUE,FALSE,FALSE,FALSE,FALSE,0.0162147849511904
1,Ca,TRUE,FALSE,FALSE,FALSE,FALSE,0.0162147849511904
1,Cl,TRUE,FALSE,FALSE,FALSE,FALSE,0.0162147849511904
1,Plt_S,TRUE,TRUE,TRUE,TRUE,FALSE,0.0162147849511904
1,INR_S,TRUE,TRUE,TRUE,TRUE,FALSE,0.0162147849511904
1,SOFA_S,TRUE,TRUE,TRUE,TRUE,FALSE,0.0162147849511904
2,Age,TRUE,FALSE,FALSE,FALSE,FALSE,0.0179112016298713
2,Gender,FALSE,FALSE,FALSE,FALSE,FALSE,0.0179112016298713
2,Race,FALSE,FALSE,FALSE,FALSE,FALSE,0.0179112016298713
2,ICU_Type,TRUE,TRUE,TRUE,FALSE,FALSE,0.0179112016298713
2,SOFA,TRUE,TRUE,TRUE,FALSE,FALSE,0.0179112016298713
2,OASIS,TRUE,FALSE,FALSE,FALSE,FALSE,0.0179112016298713
2,Charlson,TRUE,FALSE,FALSE,FALSE,FALSE,0.0179112016298713
2,Hypertension,FALSE,FALSE,FALSE,FALSE,FALSE,0.0179112016298713
2,Diabetes,FALSE,FALSE,FALSE,FALSE,FALSE,0.0179112016298713
2,COPD,FALSE,FALSE,FALSE,FALSE,FALSE,0.0179112016298713
2,HF,TRUE,FALSE,FALSE,FALSE,FALSE,0.0179112016298713
2,Stroke,FALSE,FALSE,FALSE,FALSE,FALSE,0.0179112016298713
2,Malignancy,FALSE,FALSE,FALSE,FALSE,FALSE,0.0179112016298713
2,Lung_Infection,FALSE,FALSE,FALSE,FALSE,FALSE,0.0179112016298713
2,GI_Infection,TRUE,TRUE,TRUE,FALSE,FALSE,0.0179112016298713
2,GU_Infection,FALSE,FALSE,FALSE,FALSE,FALSE,0.0179112016298713
2,Other_Infection,TRUE,FALSE,FALSE,FALSE,FALSE,0.0179112016298713
2,MAP,TRUE,TRUE,TRUE,FALSE,FALSE,0.0179112016298713
2,Heart_Rate,TRUE,FALSE,FALSE,FALSE,FALSE,0.0179112016298713
2,Resp_Rate,TRUE,FALSE,FALSE,FALSE,FALSE,0.0179112016298713
2,Temperature,TRUE,TRUE,TRUE,FALSE,FALSE,0.0179112016298713
2,Hb,FALSE,FALSE,FALSE,FALSE,FALSE,0.0179112016298713
2,WBC,TRUE,FALSE,FALSE,FALSE,FALSE,0.0179112016298713
2,Plt,TRUE,FALSE,FALSE,FALSE,FALSE,0.0179112016298713
2,Cre,TRUE,TRUE,TRUE,FALSE,FALSE,0.0179112016298713
2,AST,TRUE,FALSE,FALSE,FALSE,FALSE,0.0179112016298713
2,TBil,TRUE,TRUE,TRUE,FALSE,FALSE,0.0179112016298713
2,Na,TRUE,TRUE,TRUE,FALSE,FALSE,0.0179112016298713
2,K,TRUE,FALSE,FALSE,FALSE,FALSE,0.0179112016298713
2,Ca,TRUE,FALSE,FALSE,FALSE,FALSE,0.0179112016298713
2,Cl,TRUE,FALSE,FALSE,FALSE,FALSE,0.0179112016298713
2,Plt_S,TRUE,TRUE,TRUE,TRUE,FALSE,0.0179112016298713
2,INR_S,TRUE,TRUE,TRUE,TRUE,FALSE,0.0179112016298713
2,SOFA_S,TRUE,TRUE,TRUE,TRUE,FALSE,0.0179112016298713
3,Age,TRUE,FALSE,FALSE,FALSE,FALSE,0.0213424754897658
3,Gender,FALSE,FALSE,FALSE,FALSE,FALSE,0.0213424754897658
3,Race,FALSE,FALSE,FALSE,FALSE,FALSE,0.0213424754897658
3,ICU_Type,TRUE,FALSE,FALSE,FALSE,FALSE,0.0213424754897658
3,SOFA,TRUE,TRUE,TRUE,FALSE,FALSE,0.0213424754897658
3,OASIS,TRUE,FALSE,FALSE,FALSE,FALSE,0.0213424754897658
3,Charlson,TRUE,FALSE,FALSE,FALSE,FALSE,0.0213424754897658
3,Hypertension,FALSE,FALSE,FALSE,FALSE,FALSE,0.0213424754897658
3,Diabetes,FALSE,FALSE,FALSE,FALSE,FALSE,0.0213424754897658
3,COPD,FALSE,FALSE,FALSE,FALSE,FALSE,0.0213424754897658
3,HF,TRUE,FALSE,FALSE,FALSE,FALSE,0.0213424754897658
3,Stroke,FALSE,FALSE,FALSE,FALSE,FALSE,0.0213424754897658
3,Malignancy,FALSE,FALSE,FALSE,FALSE,FALSE,0.0213424754897658
3,Lung_Infection,TRUE,FALSE,FALSE,FALSE,FALSE,0.0213424754897658
3,GI_Infection,TRUE,FALSE,FALSE,FALSE,FALSE,0.0213424754897658
3,GU_Infection,FALSE,FALSE,FALSE,FALSE,FALSE,0.0213424754897658
3,Other_Infection,TRUE,FALSE,FALSE,FALSE,FALSE,0.0213424754897658
3,MAP,TRUE,TRUE,TRUE,FALSE,FALSE,0.0213424754897658
3,Heart_Rate,TRUE,FALSE,FALSE,FALSE,FALSE,0.0213424754897658
3,Resp_Rate,TRUE,FALSE,FALSE,FALSE,FALSE,0.0213424754897658
3,Temperature,TRUE,FALSE,FALSE,FALSE,FALSE,0.0213424754897658
3,Hb,FALSE,FALSE,FALSE,FALSE,FALSE,0.0213424754897658
3,WBC,TRUE,FALSE,FALSE,FALSE,FALSE,0.0213424754897658
3,Plt,TRUE,FALSE,FALSE,FALSE,FALSE,0.0213424754897658
3,Cre,TRUE,FALSE,FALSE,FALSE,FALSE,0.0213424754897658
3,AST,TRUE,FALSE,FALSE,FALSE,FALSE,0.0213424754897658
3,TBil,TRUE,TRUE,TRUE,FALSE,FALSE,0.0213424754897658
3,Na,TRUE,TRUE,TRUE,FALSE,FALSE,0.0213424754897658
3,K,TRUE,FALSE,FALSE,FALSE,FALSE,0.0213424754897658
3,Ca,TRUE,FALSE,FALSE,FALSE,FALSE,0.0213424754897658
3,Cl,TRUE,FALSE,FALSE,FALSE,FALSE,0.0213424754897658
3,Plt_S,TRUE,TRUE,TRUE,TRUE,FALSE,0.0213424754897658
3,INR_S,TRUE,TRUE,TRUE,TRUE,FALSE,0.0213424754897658
3,SOFA_S,TRUE,TRUE,TRUE,TRUE,FALSE,0.0213424754897658
4,Age,TRUE,FALSE,FALSE,FALSE,FALSE,0.0135743081500302
4,Gender,FALSE,TRUE,FALSE,FALSE,FALSE,0.0135743081500302
4,Race,FALSE,FALSE,FALSE,FALSE,FALSE,0.0135743081500302
4,ICU_Type,TRUE,TRUE,TRUE,FALSE,FALSE,0.0135743081500302
4,SOFA,TRUE,TRUE,TRUE,FALSE,FALSE,0.0135743081500302
4,OASIS,TRUE,TRUE,TRUE,FALSE,FALSE,0.0135743081500302
4,Charlson,TRUE,FALSE,FALSE,FALSE,FALSE,0.0135743081500302
4,Hypertension,FALSE,FALSE,FALSE,FALSE,FALSE,0.0135743081500302
4,Diabetes,FALSE,FALSE,FALSE,FALSE,FALSE,0.0135743081500302
4,COPD,FALSE,FALSE,FALSE,FALSE,FALSE,0.0135743081500302
4,HF,TRUE,FALSE,FALSE,FALSE,FALSE,0.0135743081500302
4,Stroke,FALSE,FALSE,FALSE,FALSE,FALSE,0.0135743081500302
4,Malignancy,FALSE,FALSE,FALSE,FALSE,FALSE,0.0135743081500302
4,Lung_Infection,FALSE,TRUE,FALSE,FALSE,FALSE,0.0135743081500302
4,GI_Infection,TRUE,TRUE,TRUE,FALSE,FALSE,0.0135743081500302
4,GU_Infection,FALSE,FALSE,FALSE,FALSE,FALSE,0.0135743081500302
4,Other_Infection,FALSE,FALSE,FALSE,FALSE,FALSE,0.0135743081500302
4,MAP,TRUE,TRUE,TRUE,FALSE,FALSE,0.0135743081500302
4,Heart_Rate,TRUE,FALSE,FALSE,FALSE,FALSE,0.0135743081500302
4,Resp_Rate,TRUE,TRUE,TRUE,FALSE,FALSE,0.0135743081500302
4,Temperature,TRUE,TRUE,TRUE,FALSE,FALSE,0.0135743081500302
4,Hb,FALSE,FALSE,FALSE,FALSE,FALSE,0.0135743081500302
4,WBC,TRUE,FALSE,FALSE,FALSE,FALSE,0.0135743081500302
4,Plt,TRUE,FALSE,FALSE,FALSE,FALSE,0.0135743081500302
4,Cre,TRUE,TRUE,TRUE,FALSE,FALSE,0.0135743081500302
4,AST,TRUE,FALSE,FALSE,FALSE,FALSE,0.0135743081500302
4,TBil,TRUE,TRUE,TRUE,FALSE,FALSE,0.0135743081500302
4,Na,TRUE,TRUE,TRUE,FALSE,FALSE,0.0135743081500302
4,K,TRUE,FALSE,FALSE,FALSE,FALSE,0.0135743081500302
4,Ca,TRUE,FALSE,FALSE,FALSE,FALSE,0.0135743081500302
4,Cl,TRUE,FALSE,FALSE,FALSE,FALSE,0.0135743081500302
4,Plt_S,TRUE,TRUE,TRUE,TRUE,FALSE,0.0135743081500302
4,INR_S,TRUE,TRUE,TRUE,TRUE,FALSE,0.0135743081500302
4,SOFA_S,TRUE,TRUE,TRUE,TRUE,FALSE,0.0135743081500302
5,Age,TRUE,FALSE,FALSE,FALSE,FALSE,0.0178538189066079
5,Gender,FALSE,TRUE,FALSE,FALSE,FALSE,0.0178538189066079
5,Race,FALSE,FALSE,FALSE,FALSE,FALSE,0.0178538189066079
5,ICU_Type,TRUE,FALSE,FALSE,FALSE,FALSE,0.0178538189066079
5,SOFA,TRUE,TRUE,TRUE,FALSE,FALSE,0.0178538189066079
5,OASIS,TRUE,FALSE,FALSE,FALSE,FALSE,0.0178538189066079
5,Charlson,TRUE,FALSE,FALSE,FALSE,FALSE,0.0178538189066079
5,Hypertension,FALSE,FALSE,FALSE,FALSE,FALSE,0.0178538189066079
5,Diabetes,FALSE,FALSE,FALSE,FALSE,FALSE,0.0178538189066079
5,COPD,FALSE,FALSE,FALSE,FALSE,FALSE,0.0178538189066079
5,HF,TRUE,FALSE,FALSE,FALSE,FALSE,0.0178538189066079
5,Stroke,FALSE,FALSE,FALSE,FALSE,FALSE,0.0178538189066079
5,Malignancy,TRUE,FALSE,FALSE,FALSE,FALSE,0.0178538189066079
5,Lung_Infection,FALSE,FALSE,FALSE,FALSE,FALSE,0.0178538189066079
5,GI_Infection,TRUE,TRUE,TRUE,FALSE,FALSE,0.0178538189066079
5,GU_Infection,FALSE,FALSE,FALSE,FALSE,FALSE,0.0178538189066079
5,Other_Infection,TRUE,FALSE,FALSE,FALSE,FALSE,0.0178538189066079
5,MAP,TRUE,TRUE,TRUE,FALSE,FALSE,0.0178538189066079
5,Heart_Rate,TRUE,FALSE,FALSE,FALSE,FALSE,0.0178538189066079
5,Resp_Rate,TRUE,FALSE,FALSE,FALSE,FALSE,0.0178538189066079
5,Temperature,TRUE,TRUE,TRUE,FALSE,FALSE,0.0178538189066079
5,Hb,FALSE,FALSE,FALSE,FALSE,FALSE,0.0178538189066079
5,WBC,TRUE,FALSE,FALSE,FALSE,FALSE,0.0178538189066079
5,Plt,TRUE,FALSE,FALSE,FALSE,FALSE,0.0178538189066079
5,Cre,TRUE,TRUE,TRUE,FALSE,FALSE,0.0178538189066079
5,AST,TRUE,FALSE,FALSE,FALSE,FALSE,0.0178538189066079
5,TBil,TRUE,TRUE,TRUE,FALSE,FALSE,0.0178538189066079
5,Na,TRUE,TRUE,TRUE,FALSE,FALSE,0.0178538189066079
5,K,TRUE,FALSE,FALSE,FALSE,FALSE,0.0178538189066079
5,Ca,TRUE,FALSE,FALSE,FALSE,FALSE,0.0178538189066079
5,Cl,TRUE,FALSE,FALSE,FALSE,FALSE,0.0178538189066079
5,Plt_S,TRUE,TRUE,TRUE,TRUE,FALSE,0.0178538189066079
5,INR_S,TRUE,TRUE,TRUE,TRUE,FALSE,0.0178538189066079
5,SOFA_S,TRUE,TRUE,TRUE,TRUE,FALSE,0.0178538189066079
6,Age,TRUE,FALSE,FALSE,FALSE,FALSE,0.0177561668987823
6,Gender,FALSE,TRUE,FALSE,FALSE,FALSE,0.0177561668987823
6,Race,FALSE,FALSE,FALSE,FALSE,FALSE,0.0177561668987823
6,ICU_Type,TRUE,TRUE,TRUE,FALSE,FALSE,0.0177561668987823
6,SOFA,TRUE,TRUE,TRUE,FALSE,FALSE,0.0177561668987823
6,OASIS,TRUE,FALSE,FALSE,FALSE,FALSE,0.0177561668987823
6,Charlson,TRUE,FALSE,FALSE,FALSE,FALSE,0.0177561668987823
6,Hypertension,FALSE,FALSE,FALSE,FALSE,FALSE,0.0177561668987823
6,Diabetes,FALSE,FALSE,FALSE,FALSE,FALSE,0.0177561668987823
6,COPD,FALSE,FALSE,FALSE,FALSE,FALSE,0.0177561668987823
6,HF,TRUE,FALSE,FALSE,FALSE,FALSE,0.0177561668987823
6,Stroke,FALSE,FALSE,FALSE,FALSE,FALSE,0.0177561668987823
6,Malignancy,FALSE,FALSE,FALSE,FALSE,FALSE,0.0177561668987823
6,Lung_Infection,FALSE,FALSE,FALSE,FALSE,FALSE,0.0177561668987823
6,GI_Infection,TRUE,TRUE,TRUE,FALSE,FALSE,0.0177561668987823
6,GU_Infection,FALSE,FALSE,FALSE,FALSE,FALSE,0.0177561668987823
6,Other_Infection,FALSE,FALSE,FALSE,FALSE,FALSE,0.0177561668987823
6,MAP,TRUE,TRUE,TRUE,FALSE,FALSE,0.0177561668987823
6,Heart_Rate,TRUE,FALSE,FALSE,FALSE,FALSE,0.0177561668987823
6,Resp_Rate,TRUE,FALSE,FALSE,FALSE,FALSE,0.0177561668987823
6,Temperature,TRUE,TRUE,TRUE,FALSE,FALSE,0.0177561668987823
6,Hb,FALSE,FALSE,FALSE,FALSE,FALSE,0.0177561668987823
6,WBC,TRUE,FALSE,FALSE,FALSE,FALSE,0.0177561668987823
6,Plt,TRUE,FALSE,FALSE,FALSE,FALSE,0.0177561668987823
6,Cre,TRUE,TRUE,TRUE,FALSE,FALSE,0.0177561668987823
6,AST,TRUE,FALSE,FALSE,FALSE,FALSE,0.0177561668987823
6,TBil,TRUE,TRUE,TRUE,FALSE,FALSE,0.0177561668987823
6,Na,TRUE,TRUE,TRUE,FALSE,FALSE,0.0177561668987823
6,K,TRUE,FALSE,FALSE,FALSE,FALSE,0.0177561668987823
6,Ca,TRUE,FALSE,FALSE,FALSE,FALSE,0.0177561668987823
6,Cl,TRUE,TRUE,TRUE,FALSE,FALSE,0.0177561668987823
6,Plt_S,TRUE,TRUE,TRUE,TRUE,FALSE,0.0177561668987823
6,INR_S,TRUE,TRUE,TRUE,TRUE,FALSE,0.0177561668987823
6,SOFA_S,TRUE,TRUE,TRUE,TRUE,FALSE,0.0177561668987823
7,Age,TRUE,FALSE,FALSE,FALSE,FALSE,0.0178867126815542
7,Gender,FALSE,TRUE,FALSE,FALSE,FALSE,0.0178867126815542
7,Race,FALSE,FALSE,FALSE,FALSE,FALSE,0.0178867126815542
7,ICU_Type,TRUE,FALSE,FALSE,FALSE,FALSE,0.0178867126815542
7,SOFA,TRUE,TRUE,TRUE,FALSE,FALSE,0.0178867126815542
7,OASIS,TRUE,FALSE,FALSE,FALSE,FALSE,0.0178867126815542
7,Charlson,TRUE,FALSE,FALSE,FALSE,FALSE,0.0178867126815542
7,Hypertension,FALSE,FALSE,FALSE,FALSE,FALSE,0.0178867126815542
7,Diabetes,FALSE,FALSE,FALSE,FALSE,FALSE,0.0178867126815542
7,COPD,FALSE,FALSE,FALSE,FALSE,FALSE,0.0178867126815542
7,HF,TRUE,FALSE,FALSE,FALSE,FALSE,0.0178867126815542
7,Stroke,FALSE,FALSE,FALSE,FALSE,FALSE,0.0178867126815542
7,Malignancy,FALSE,FALSE,FALSE,FALSE,FALSE,0.0178867126815542
7,Lung_Infection,FALSE,FALSE,FALSE,FALSE,FALSE,0.0178867126815542
7,GI_Infection,TRUE,FALSE,FALSE,FALSE,FALSE,0.0178867126815542
7,GU_Infection,FALSE,FALSE,FALSE,FALSE,FALSE,0.0178867126815542
7,Other_Infection,TRUE,FALSE,FALSE,FALSE,FALSE,0.0178867126815542
7,MAP,TRUE,TRUE,TRUE,FALSE,FALSE,0.0178867126815542
7,Heart_Rate,TRUE,FALSE,FALSE,FALSE,FALSE,0.0178867126815542
7,Resp_Rate,TRUE,FALSE,FALSE,FALSE,FALSE,0.0178867126815542
7,Temperature,TRUE,FALSE,FALSE,FALSE,FALSE,0.0178867126815542
7,Hb,FALSE,FALSE,FALSE,FALSE,FALSE,0.0178867126815542
7,WBC,TRUE,FALSE,FALSE,FALSE,FALSE,0.0178867126815542
7,Plt,TRUE,FALSE,FALSE,FALSE,FALSE,0.0178867126815542
7,Cre,TRUE,TRUE,TRUE,FALSE,FALSE,0.0178867126815542
7,AST,TRUE,FALSE,FALSE,FALSE,FALSE,0.0178867126815542
7,TBil,TRUE,TRUE,TRUE,FALSE,FALSE,0.0178867126815542
7,Na,TRUE,TRUE,TRUE,FALSE,FALSE,0.0178867126815542
7,K,TRUE,FALSE,FALSE,FALSE,FALSE,0.0178867126815542
7,Ca,TRUE,FALSE,FALSE,FALSE,FALSE,0.0178867126815542
7,Cl,TRUE,FALSE,FALSE,FALSE,FALSE,0.0178867126815542
7,Plt_S,TRUE,TRUE,TRUE,TRUE,FALSE,0.0178867126815542
7,INR_S,TRUE,TRUE,TRUE,TRUE,FALSE,0.0178867126815542
7,SOFA_S,TRUE,TRUE,TRUE,TRUE,FALSE,0.0178867126815542
8,Age,TRUE,FALSE,FALSE,FALSE,FALSE,0.0145599988044737
8,Gender,FALSE,TRUE,FALSE,FALSE,FALSE,0.0145599988044737
8,Race,FALSE,FALSE,FALSE,FALSE,FALSE,0.0145599988044737
8,ICU_Type,TRUE,TRUE,TRUE,FALSE,FALSE,0.0145599988044737
8,SOFA,TRUE,TRUE,TRUE,FALSE,FALSE,0.0145599988044737
8,OASIS,TRUE,TRUE,TRUE,FALSE,FALSE,0.0145599988044737
8,Charlson,TRUE,FALSE,FALSE,FALSE,FALSE,0.0145599988044737
8,Hypertension,FALSE,FALSE,FALSE,FALSE,FALSE,0.0145599988044737
8,Diabetes,FALSE,FALSE,FALSE,FALSE,FALSE,0.0145599988044737
8,COPD,FALSE,FALSE,FALSE,FALSE,FALSE,0.0145599988044737
8,HF,TRUE,FALSE,FALSE,FALSE,FALSE,0.0145599988044737
8,Stroke,FALSE,FALSE,FALSE,FALSE,FALSE,0.0145599988044737
8,Malignancy,FALSE,FALSE,FALSE,FALSE,FALSE,0.0145599988044737
8,Lung_Infection,FALSE,TRUE,FALSE,FALSE,FALSE,0.0145599988044737
8,GI_Infection,TRUE,TRUE,TRUE,FALSE,FALSE,0.0145599988044737
8,GU_Infection,FALSE,FALSE,FALSE,FALSE,FALSE,0.0145599988044737
8,Other_Infection,FALSE,FALSE,FALSE,FALSE,FALSE,0.0145599988044737
8,MAP,TRUE,TRUE,TRUE,FALSE,FALSE,0.0145599988044737
8,Heart_Rate,TRUE,FALSE,FALSE,FALSE,FALSE,0.0145599988044737
8,Resp_Rate,TRUE,FALSE,FALSE,FALSE,FALSE,0.0145599988044737
8,Temperature,TRUE,TRUE,TRUE,FALSE,FALSE,0.0145599988044737
8,Hb,FALSE,FALSE,FALSE,FALSE,FALSE,0.0145599988044737
8,WBC,TRUE,FALSE,FALSE,FALSE,FALSE,0.0145599988044737
8,Plt,TRUE,FALSE,FALSE,FALSE,FALSE,0.0145599988044737
8,Cre,TRUE,TRUE,TRUE,FALSE,FALSE,0.0145599988044737
8,AST,TRUE,FALSE,FALSE,FALSE,FALSE,0.0145599988044737
8,TBil,TRUE,TRUE,TRUE,FALSE,FALSE,0.0145599988044737
8,Na,TRUE,TRUE,TRUE,FALSE,FALSE,0.0145599988044737
8,K,TRUE,FALSE,FALSE,FALSE,FALSE,0.0145599988044737
8,Ca,TRUE,FALSE,FALSE,FALSE,FALSE,0.0145599988044737
8,Cl,TRUE,TRUE,TRUE,FALSE,FALSE,0.0145599988044737
8,Plt_S,TRUE,TRUE,TRUE,TRUE,FALSE,0.0145599988044737
8,INR_S,TRUE,TRUE,TRUE,TRUE,FALSE,0.0145599988044737
8,SOFA_S,TRUE,TRUE,TRUE,TRUE,FALSE,0.0145599988044737
9,Age,TRUE,FALSE,FALSE,FALSE,FALSE,0.0163320076660596
9,Gender,FALSE,FALSE,FALSE,FALSE,FALSE,0.0163320076660596
9,Race,FALSE,FALSE,FALSE,FALSE,FALSE,0.0163320076660596
9,ICU_Type,TRUE,FALSE,FALSE,FALSE,FALSE,0.0163320076660596
9,SOFA,TRUE,TRUE,TRUE,FALSE,FALSE,0.0163320076660596
9,OASIS,TRUE,TRUE,TRUE,FALSE,FALSE,0.0163320076660596
9,Charlson,TRUE,FALSE,FALSE,FALSE,FALSE,0.0163320076660596
9,Hypertension,TRUE,TRUE,TRUE,FALSE,FALSE,0.0163320076660596
9,Diabetes,FALSE,FALSE,FALSE,FALSE,FALSE,0.0163320076660596
9,COPD,FALSE,FALSE,FALSE,FALSE,FALSE,0.0163320076660596
9,HF,TRUE,FALSE,FALSE,FALSE,FALSE,0.0163320076660596
9,Stroke,FALSE,FALSE,FALSE,FALSE,FALSE,0.0163320076660596
9,Malignancy,FALSE,FALSE,FALSE,FALSE,FALSE,0.0163320076660596
9,Lung_Infection,TRUE,TRUE,TRUE,FALSE,FALSE,0.0163320076660596
9,GI_Infection,TRUE,TRUE,TRUE,FALSE,FALSE,0.0163320076660596
9,GU_Infection,FALSE,FALSE,FALSE,FALSE,FALSE,0.0163320076660596
9,Other_Infection,TRUE,FALSE,FALSE,FALSE,FALSE,0.0163320076660596
9,MAP,TRUE,TRUE,TRUE,FALSE,FALSE,0.0163320076660596
9,Heart_Rate,TRUE,FALSE,FALSE,FALSE,FALSE,0.0163320076660596
9,Resp_Rate,TRUE,FALSE,FALSE,FALSE,FALSE,0.0163320076660596
9,Temperature,TRUE,TRUE,TRUE,FALSE,FALSE,0.0163320076660596
9,Hb,FALSE,FALSE,FALSE,FALSE,FALSE,0.0163320076660596
9,WBC,TRUE,FALSE,FALSE,FALSE,FALSE,0.0163320076660596
9,Plt,TRUE,FALSE,FALSE,FALSE,FALSE,0.0163320076660596
9,Cre,TRUE,TRUE,TRUE,FALSE,FALSE,0.0163320076660596
9,AST,TRUE,FALSE,FALSE,FALSE,FALSE,0.0163320076660596
9,TBil,TRUE,TRUE,TRUE,FALSE,FALSE,0.0163320076660596
9,Na,TRUE,TRUE,TRUE,FALSE,FALSE,0.0163320076660596
9,K,TRUE,FALSE,FALSE,FALSE,FALSE,0.0163320076660596
9,Ca,TRUE,FALSE,FALSE,FALSE,FALSE,0.0163320076660596
9,Cl,TRUE,FALSE,FALSE,FALSE,FALSE,0.0163320076660596
9,Plt_S,TRUE,TRUE,TRUE,TRUE,FALSE,0.0163320076660596
9,INR_S,TRUE,TRUE,TRUE,TRUE,FALSE,0.0163320076660596
9,SOFA_S,TRUE,TRUE,TRUE,TRUE,FALSE,0.0163320076660596
10,Age,TRUE,FALSE,FALSE,FALSE,FALSE,0.0136250066848424
10,Gender,FALSE,TRUE,FALSE,FALSE,FALSE,0.0136250066848424
10,Race,FALSE,FALSE,FALSE,FALSE,FALSE,0.0136250066848424
10,ICU_Type,TRUE,TRUE,TRUE,FALSE,FALSE,0.0136250066848424
10,SOFA,TRUE,TRUE,TRUE,FALSE,FALSE,0.0136250066848424
10,OASIS,TRUE,TRUE,TRUE,FALSE,FALSE,0.0136250066848424
10,Charlson,TRUE,FALSE,FALSE,FALSE,FALSE,0.0136250066848424
10,Hypertension,FALSE,FALSE,FALSE,FALSE,FALSE,0.0136250066848424
10,Diabetes,FALSE,FALSE,FALSE,FALSE,FALSE,0.0136250066848424
10,COPD,FALSE,FALSE,FALSE,FALSE,FALSE,0.0136250066848424
10,HF,TRUE,FALSE,FALSE,FALSE,FALSE,0.0136250066848424
10,Stroke,FALSE,FALSE,FALSE,FALSE,FALSE,0.0136250066848424
10,Malignancy,FALSE,FALSE,FALSE,FALSE,FALSE,0.0136250066848424
10,Lung_Infection,FALSE,FALSE,FALSE,FALSE,FALSE,0.0136250066848424
10,GI_Infection,FALSE,FALSE,FALSE,FALSE,FALSE,0.0136250066848424
10,GU_Infection,FALSE,FALSE,FALSE,FALSE,FALSE,0.0136250066848424
10,Other_Infection,TRUE,FALSE,FALSE,FALSE,FALSE,0.0136250066848424
10,MAP,TRUE,TRUE,TRUE,FALSE,FALSE,0.0136250066848424
10,Heart_Rate,TRUE,TRUE,TRUE,FALSE,FALSE,0.0136250066848424
10,Resp_Rate,TRUE,TRUE,TRUE,FALSE,FALSE,0.0136250066848424
10,Temperature,TRUE,TRUE,TRUE,FALSE,FALSE,0.0136250066848424
10,Hb,FALSE,FALSE,FALSE,FALSE,FALSE,0.0136250066848424
10,WBC,TRUE,FALSE,FALSE,FALSE,FALSE,0.0136250066848424
10,Plt,TRUE,FALSE,FALSE,FALSE,FALSE,0.0136250066848424
10,Cre,TRUE,TRUE,TRUE,FALSE,FALSE,0.0136250066848424
10,AST,TRUE,FALSE,FALSE,FALSE,FALSE,0.0136250066848424
10,TBil,TRUE,TRUE,TRUE,FALSE,FALSE,0.0136250066848424
10,Na,TRUE,TRUE,TRUE,FALSE,FALSE,0.0136250066848424
10,K,TRUE,FALSE,FALSE,FALSE,FALSE,0.0136250066848424
10,Ca,TRUE,FALSE,FALSE,FALSE,FALSE,0.0136250066848424
10,Cl,TRUE,TRUE,TRUE,FALSE,FALSE,0.0136250066848424
10,Plt_S,TRUE,TRUE,TRUE,TRUE,FALSE,0.0136250066848424
10,INR_S,TRUE,TRUE,TRUE,TRUE,FALSE,0.0136250066848424
10,SOFA_S,TRUE,TRUE,TRUE,TRUE,FALSE,0.0136250066848424
