Model,Validation_Set,Metric,Estimate,Lower,Upper
ElasticNet,Development nested OOF,AUROC,0.865807781958586,0.855392016396318,0.87562352415393
ElasticNet,Development nested OOF,AUPRC,0.752600256037526,0.732620359206107,0.774186956142075
ElasticNet,Development nested OOF,Calibration_Intercept,0.00266111623156456,,
ElasticNet,Development nested OOF,Calibration_Slope,1.00034215951126,,
ElasticNet,Development nested OOF,Brier,0.136013896599511,0.130642358624869,0.141491204909384
ElasticNet,Development nested OOF,ECE,0.0107850041468533,,
ElasticNet,Development nested OOF,MCE,0.0277751251429629,,
ElasticNet,Development nested OOF,Sensitivity,0.837349397590361,,
ElasticNet,Development nested OOF,Specificity,0.737538721486905,,
ElasticNet,Development nested OOF,PPV,0.598621877691645,,
ElasticNet,Development nested OOF,NPV,0.906542056074766,,
ElasticNet,Development nested OOF,Accuracy,0.769334100940319,,
ElasticNet,Development nested OOF,F1,0.698141637368157,,
ElasticNet,Development nested OOF,MCC,0.538899567367283,,
ElasticNet,MIMIC-III,AUROC,0.842485637348997,0.819868310695482,0.865839667104695
ElasticNet,MIMIC-III,AUPRC,0.732318727737173,0.686253320689266,0.77609473996498
ElasticNet,MIMIC-III,Calibration_Intercept,0.127871170548586,,
ElasticNet,MIMIC-III,Calibration_Slope,0.8925885265877,,
ElasticNet,MIMIC-III,Brier,0.147678205201394,0.135846505447721,0.15928139435871
ElasticNet,MIMIC-III,ECE,0.0281050637709494,,
ElasticNet,MIMIC-III,MCE,0.0537462379963703,,
ElasticNet,MIMIC-III,Sensitivity,0.781002638522427,,
ElasticNet,MIMIC-III,Specificity,0.730077120822622,,
ElasticNet,MIMIC-III,PPV,0.58498023715415,,
ElasticNet,MIMIC-III,NPV,0.872503840245776,,
ElasticNet,MIMIC-III,Accuracy,0.74675885911841,,
ElasticNet,MIMIC-III,F1,0.668926553672316,,
ElasticNet,MIMIC-III,MCC,0.483539917878293,,
ElasticNet,MIMIC-IV temporal,AUROC,0.82770215219544,0.803681714825523,0.849709029742991
ElasticNet,MIMIC-IV temporal,AUPRC,0.718994260675287,0.67813408577616,0.761335597726105
ElasticNet,MIMIC-IV temporal,Calibration_Intercept,-0.158405901984788,,
ElasticNet,MIMIC-IV temporal,Calibration_Slope,0.845136927797687,,
ElasticNet,MIMIC-IV temporal,Brier,0.155487211825821,0.143657724531438,0.16754560385324
ElasticNet,MIMIC-IV temporal,ECE,0.0412794043554315,,
ElasticNet,MIMIC-IV temporal,MCE,0.105743339370669,,
ElasticNet,MIMIC-IV temporal,Sensitivity,0.83206106870229,,
ElasticNet,MIMIC-IV temporal,Specificity,0.66871921182266,,
ElasticNet,MIMIC-IV temporal,PPV,0.548657718120805,,
ElasticNet,MIMIC-IV temporal,NPV,0.891625615763547,,
ElasticNet,MIMIC-IV temporal,Accuracy,0.721991701244813,,
ElasticNet,MIMIC-IV temporal,F1,0.661274014155713,,
ElasticNet,MIMIC-IV temporal,MCC,0.46955852825081,,
ElasticNet,NWICU,AUROC,0.845758551925142,0.810374975148089,0.877869424332614
ElasticNet,NWICU,AUPRC,0.675319255794304,0.595858009469332,0.745501057096203
ElasticNet,NWICU,Calibration_Intercept,-0.642441431221446,,
ElasticNet,NWICU,Calibration_Slope,1.06775052092768,,
ElasticNet,NWICU,Brier,0.140673885510851,0.126280257935355,0.156143863327418
ElasticNet,NWICU,ECE,0.0964151169602743,,
ElasticNet,NWICU,MCE,0.185777159756445,,
ElasticNet,NWICU,Sensitivity,0.878048780487805,,
ElasticNet,NWICU,Specificity,0.647798742138365,,
ElasticNet,NWICU,PPV,0.461538461538462,,
ElasticNet,NWICU,NPV,0.939209726443769,,
ElasticNet,NWICU,Accuracy,0.706708268330733,,
ElasticNet,NWICU,F1,0.605042016806723,,
ElasticNet,NWICU,MCC,0.459056033450583,,
ElasticNet,eICU,AUROC,0.864895960308804,0.848009339120629,0.881046381703819
ElasticNet,eICU,AUPRC,0.745366223251968,0.710388338575655,0.779541347807057
ElasticNet,eICU,Calibration_Intercept,-0.74658134985658,,
ElasticNet,eICU,Calibration_Slope,0.980772650179255,,
ElasticNet,eICU,Brier,0.149922528608265,0.140975536076023,0.158861909596805
ElasticNet,eICU,ECE,0.10540881954228,,
ElasticNet,eICU,MCE,0.192615835721835,,
ElasticNet,eICU,Sensitivity,0.933333333333333,,
ElasticNet,eICU,Specificity,0.582921665490473,,
ElasticNet,eICU,PPV,0.510356255178128,,
ElasticNet,eICU,NPV,0.949425287356322,,
ElasticNet,eICU,Accuracy,0.694270582571016,,
ElasticNet,eICU,F1,0.659882163899304,,
ElasticNet,eICU,MCC,0.487200697557311,,
KNN,Development nested OOF,AUROC,0.842417628836947,0.831920229436491,0.853115742339733
KNN,Development nested OOF,AUPRC,0.710464438731171,0.68761008613508,0.7320168485942
KNN,Development nested OOF,Calibration_Intercept,0.0980591427172888,,
KNN,Development nested OOF,Calibration_Slope,0.450575054110845,,
KNN,Development nested OOF,Brier,0.147795206983224,0.141983272067123,0.153540352873723
KNN,Development nested OOF,ECE,0.0310412071783071,,
KNN,Development nested OOF,MCE,0.0600717058841646,,
KNN,Development nested OOF,Sensitivity,0.863253012048193,,
KNN,Development nested OOF,Specificity,0.658124471979724,,
KNN,Development nested OOF,PPV,0.541367585946354,,
KNN,Development nested OOF,NPV,0.911466458658346,,
KNN,Development nested OOF,Accuracy,0.723469583573211,,
KNN,Development nested OOF,F1,0.665428372416996,,
KNN,Development nested OOF,MCC,0.485898626112674,,
KNN,MIMIC-III,AUROC,0.804145668143064,0.777989367986833,0.830108174795432
KNN,MIMIC-III,AUPRC,0.679814165996394,0.632434578982029,0.731389972452487
KNN,MIMIC-III,Calibration_Intercept,0.144967046337413,,
KNN,MIMIC-III,Calibration_Slope,0.228101197367608,,
KNN,MIMIC-III,Brier,0.162861289158013,0.149673935225199,0.176663035388457
KNN,MIMIC-III,ECE,0.0383172587150677,,
KNN,MIMIC-III,MCE,0.0720971985018727,,
KNN,MIMIC-III,Sensitivity,0.836411609498681,,
KNN,MIMIC-III,Specificity,0.615681233933162,,
KNN,MIMIC-III,PPV,0.51461038961039,,
KNN,MIMIC-III,NPV,0.88539741219963,,
KNN,MIMIC-III,Accuracy,0.687986171132239,,
KNN,MIMIC-III,F1,0.637185929648241,,
KNN,MIMIC-III,MCC,0.42525364726856,,
KNN,MIMIC-IV temporal,AUROC,0.802429210694544,0.779326430403719,0.827359937582867
KNN,MIMIC-IV temporal,AUPRC,0.677705666755832,0.631885504944835,0.721619827916217
KNN,MIMIC-IV temporal,Calibration_Intercept,-0.11601965851963,,
KNN,MIMIC-IV temporal,Calibration_Slope,0.405248777036162,,
KNN,MIMIC-IV temporal,Brier,0.165715752697283,0.154160471415399,0.177173236514523
KNN,MIMIC-IV temporal,ECE,0.0472335607192254,,
KNN,MIMIC-IV temporal,MCE,0.190928270042194,,
KNN,MIMIC-IV temporal,Sensitivity,0.872773536895674,,
KNN,MIMIC-IV temporal,Specificity,0.550492610837438,,
KNN,MIMIC-IV temporal,PPV,0.484463276836158,,
KNN,MIMIC-IV temporal,NPV,0.899396378269618,,
KNN,MIMIC-IV temporal,Accuracy,0.655601659751037,,
KNN,MIMIC-IV temporal,F1,0.623069936421435,,
KNN,MIMIC-IV temporal,MCC,0.403081626332413,,
KNN,NWICU,AUROC,0.80525515160812,0.765604491245315,0.842083704958465
KNN,NWICU,AUPRC,0.620383417432302,0.543176211372144,0.693138942757749
KNN,NWICU,Calibration_Intercept,-0.596918019451729,,
KNN,NWICU,Calibration_Slope,0.471892923464751,,
KNN,NWICU,Brier,0.154207822499723,0.138762946351187,0.169868315565956
KNN,NWICU,ECE,0.0946436297451898,,
KNN,NWICU,MCE,0.233333333333333,,
KNN,NWICU,Sensitivity,0.890243902439024,,
KNN,NWICU,Specificity,0.49895178197065,,
KNN,NWICU,PPV,0.379220779220779,,
KNN,NWICU,NPV,0.9296875,,
KNN,NWICU,Accuracy,0.599063962558502,,
KNN,NWICU,F1,0.531876138433515,,
KNN,NWICU,MCC,0.346735878084668,,
KNN,eICU,AUROC,0.83391768781677,0.816523621857344,0.853235344052119
KNN,eICU,AUPRC,0.681497222208011,0.641991908839123,0.721160467530034
KNN,eICU,Calibration_Intercept,-0.442779024754774,,
KNN,eICU,Calibration_Slope,0.34983802334236,,
KNN,eICU,Brier,0.156238274648456,0.146441348365698,0.1650361264912
KNN,eICU,ECE,0.0666424013801958,,
KNN,eICU,MCE,0.157407407407407,,
KNN,eICU,Sensitivity,0.93030303030303,,
KNN,eICU,Specificity,0.504587155963303,,
KNN,eICU,PPV,0.466565349544073,,
KNN,eICU,NPV,0.939553219448095,,
KNN,eICU,Accuracy,0.639865190178142,,
KNN,eICU,F1,0.621457489878543,,
KNN,eICU,MCC,0.420258230276601,,
RandomForest,Development nested OOF,AUROC,0.867638506716248,0.856267397791703,0.877621107608116
RandomForest,Development nested OOF,AUPRC,0.757115641055279,0.73578738235276,0.778200831087687
RandomForest,Development nested OOF,Calibration_Intercept,-0.0105504607237929,,
RandomForest,Development nested OOF,Calibration_Slope,1.27652433784989,,
RandomForest,Development nested OOF,Brier,0.136176742595069,0.131410512135938,0.141313238818183
RandomForest,Development nested OOF,ECE,0.0350991913877653,,
RandomForest,Development nested OOF,MCE,0.0671008407364033,,
RandomForest,Development nested OOF,Sensitivity,0.78855421686747,,
RandomForest,Development nested OOF,Specificity,0.774148127288088,,
RandomForest,Development nested OOF,PPV,0.620085267645666,,
RandomForest,Development nested OOF,NPV,0.886774193548387,,
RandomForest,Development nested OOF,Accuracy,0.778737286509307,,
RandomForest,Development nested OOF,F1,0.694245558207372,,
RandomForest,Development nested OOF,MCC,0.534051502171201,,
RandomForest,MIMIC-III,AUROC,0.834759989418779,0.809312546295127,0.858638900449012
RandomForest,MIMIC-III,AUPRC,0.720977423844923,0.668568372195092,0.77089863509898
RandomForest,MIMIC-III,Calibration_Intercept,0.0450407936432308,,
RandomForest,MIMIC-III,Calibration_Slope,1.08679999356707,,
RandomForest,MIMIC-III,Brier,0.149354012369252,0.138340226743481,0.161282166070141
RandomForest,MIMIC-III,ECE,0.0342257903820037,,
RandomForest,MIMIC-III,MCE,0.0773203916558709,,
RandomForest,MIMIC-III,Sensitivity,0.757255936675462,,
RandomForest,MIMIC-III,Specificity,0.776349614395887,,
RandomForest,MIMIC-III,PPV,0.622559652928417,,
RandomForest,MIMIC-III,NPV,0.867816091954023,,
RandomForest,MIMIC-III,Accuracy,0.77009507346586,,
RandomForest,MIMIC-III,F1,0.683333333333333,,
RandomForest,MIMIC-III,MCC,0.511534182220521,,
RandomForest,MIMIC-IV temporal,AUROC,0.827376251895862,0.80317603320228,0.849844555220691
RandomForest,MIMIC-IV temporal,AUPRC,0.720520561088198,0.678678357832893,0.760136267421332
RandomForest,MIMIC-IV temporal,Calibration_Intercept,-0.14841890631639,,
RandomForest,MIMIC-IV temporal,Calibration_Slope,1.06479635931251,,
RandomForest,MIMIC-IV temporal,Brier,0.153874258256213,0.143535882787805,0.164134592050336
RandomForest,MIMIC-IV temporal,ECE,0.0412243972558661,,
RandomForest,MIMIC-IV temporal,MCE,0.122643132423751,,
RandomForest,MIMIC-IV temporal,Sensitivity,0.7735368956743,,
RandomForest,MIMIC-IV temporal,Specificity,0.710591133004926,,
RandomForest,MIMIC-IV temporal,PPV,0.564007421150278,,
RandomForest,MIMIC-IV temporal,NPV,0.866366366366366,,
RandomForest,MIMIC-IV temporal,Accuracy,0.731120331950207,,
RandomForest,MIMIC-IV temporal,F1,0.652360515021459,,
RandomForest,MIMIC-IV temporal,MCC,0.456460308620197,,
RandomForest,NWICU,AUROC,0.848059518331032,0.81289279694421,0.879595557545194
RandomForest,NWICU,AUPRC,0.679867967464415,0.600656023232552,0.746033728311738
RandomForest,NWICU,Calibration_Intercept,-0.65864624725578,,
RandomForest,NWICU,Calibration_Slope,1.35227623214625,,
RandomForest,NWICU,Brier,0.142641022604471,0.129876633042178,0.156051701509838
RandomForest,NWICU,ECE,0.107296670387751,,
RandomForest,NWICU,MCE,0.199408036006513,,
RandomForest,NWICU,Sensitivity,0.871951219512195,,
RandomForest,NWICU,Specificity,0.656184486373166,,
RandomForest,NWICU,PPV,0.465798045602606,,
RandomForest,NWICU,NPV,0.937125748502994,,
RandomForest,NWICU,Accuracy,0.711388455538222,,
RandomForest,NWICU,F1,0.607218683651805,,
RandomForest,NWICU,MCC,0.461300815540108,,
RandomForest,eICU,AUROC,0.856794123307885,0.838223264621433,0.872934178933617
RandomForest,eICU,AUPRC,0.732415432949702,0.694049797371334,0.770287758871624
RandomForest,eICU,Calibration_Intercept,-0.604615466099392,,
RandomForest,eICU,Calibration_Slope,1.18380830978346,,
RandomForest,eICU,Brier,0.151120792696809,0.143303180346186,0.159913966956738
RandomForest,eICU,ECE,0.0969992569497235,,
RandomForest,eICU,MCE,0.170278788736957,,
RandomForest,eICU,Sensitivity,0.893939393939394,,
RandomForest,eICU,Specificity,0.618207480592802,,
RandomForest,eICU,PPV,0.521662245800177,,
RandomForest,eICU,NPV,0.92600422832981,,
RandomForest,eICU,Accuracy,0.705825710158883,,
RandomForest,eICU,F1,0.658849804578448,,
RandomForest,eICU,MCC,0.478822499010354,,
SVM_RBF,Development nested OOF,AUROC,0.861652241181001,0.850649870103344,0.872189909887291
SVM_RBF,Development nested OOF,AUPRC,0.754344973732539,0.733093230623316,0.775336715869679
SVM_RBF,Development nested OOF,Calibration_Intercept,-0.0175428814466965,,
SVM_RBF,Development nested OOF,Calibration_Slope,1.01968532499908,,
SVM_RBF,Development nested OOF,Brier,0.137943631096958,0.132100572206445,0.144082070254678
SVM_RBF,Development nested OOF,ECE,0.0348438049016436,,
SVM_RBF,Development nested OOF,MCE,0.0658539291878138,,
SVM_RBF,Development nested OOF,Sensitivity,0.816265060240964,,
SVM_RBF,Development nested OOF,Specificity,0.752745705435089,,
SVM_RBF,Development nested OOF,PPV,0.606806986117331,,
SVM_RBF,Development nested OOF,NPV,0.897582269979852,,
SVM_RBF,Development nested OOF,Accuracy,0.772980234120131,,
SVM_RBF,Development nested OOF,F1,0.696121243257128,,
SVM_RBF,Development nested OOF,MCC,0.535726531740433,,
SVM_RBF,MIMIC-III,AUROC,0.828319688532263,0.798661632372277,0.853159909511668
SVM_RBF,MIMIC-III,AUPRC,0.725643674127845,0.677852448284152,0.769126903794003
SVM_RBF,MIMIC-III,Calibration_Intercept,0.0985671426267623,,
SVM_RBF,MIMIC-III,Calibration_Slope,0.932705366836247,,
SVM_RBF,MIMIC-III,Brier,0.151505627093446,0.137696133673636,0.164368264198198
SVM_RBF,MIMIC-III,ECE,0.0366715637963111,,
SVM_RBF,MIMIC-III,MCE,0.193031525920997,,
SVM_RBF,MIMIC-III,Sensitivity,0.786279683377309,,
SVM_RBF,MIMIC-III,Specificity,0.758354755784062,,
SVM_RBF,MIMIC-III,PPV,0.613168724279835,,
SVM_RBF,MIMIC-III,NPV,0.879284649776453,,
SVM_RBF,MIMIC-III,Accuracy,0.767502160760588,,
SVM_RBF,MIMIC-III,F1,0.689017341040462,,
SVM_RBF,MIMIC-III,MCC,0.517887118194951,,
SVM_RBF,MIMIC-IV temporal,AUROC,0.823944897780118,0.798675966724006,0.849345109728089
SVM_RBF,MIMIC-IV temporal,AUPRC,0.714498176448271,0.668805336367061,0.758692254359811
SVM_RBF,MIMIC-IV temporal,Calibration_Intercept,-0.151484676713781,,
SVM_RBF,MIMIC-IV temporal,Calibration_Slope,0.817600791446176,,
SVM_RBF,MIMIC-IV temporal,Brier,0.158016983806495,0.144820016365674,0.171276720196109
SVM_RBF,MIMIC-IV temporal,ECE,0.0545630560173162,,
SVM_RBF,MIMIC-IV temporal,MCE,0.149552718490371,,
SVM_RBF,MIMIC-IV temporal,Sensitivity,0.798982188295165,,
SVM_RBF,MIMIC-IV temporal,Specificity,0.683497536945813,,
SVM_RBF,MIMIC-IV temporal,PPV,0.549912434325744,,
SVM_RBF,MIMIC-IV temporal,NPV,0.875394321766562,,
SVM_RBF,MIMIC-IV temporal,Accuracy,0.721161825726141,,
SVM_RBF,MIMIC-IV temporal,F1,0.651452282157676,,
SVM_RBF,MIMIC-IV temporal,MCC,0.452992148742721,,
SVM_RBF,NWICU,AUROC,0.843086874264969,0.806072813352225,0.876417044050503
SVM_RBF,NWICU,AUPRC,0.680234111347799,0.60037697986651,0.752607319599509
SVM_RBF,NWICU,Calibration_Intercept,-0.592435131953461,,
SVM_RBF,NWICU,Calibration_Slope,0.929726089282897,,
SVM_RBF,NWICU,Brier,0.137225129534789,0.120810746009273,0.153541911492582
SVM_RBF,NWICU,ECE,0.0794649187250469,,
SVM_RBF,NWICU,MCE,0.169013223706818,,
SVM_RBF,NWICU,Sensitivity,0.841463414634146,,
SVM_RBF,NWICU,Specificity,0.687631027253669,,
SVM_RBF,NWICU,PPV,0.480836236933798,,
SVM_RBF,NWICU,NPV,0.926553672316384,,
SVM_RBF,NWICU,Accuracy,0.726989079563183,,
SVM_RBF,NWICU,F1,0.611973392461197,,
SVM_RBF,NWICU,MCC,0.464271188709199,,
SVM_RBF,eICU,AUROC,0.861736275956459,0.845298595899755,0.878319557615612
SVM_RBF,eICU,AUPRC,0.741802143088475,0.70737267190081,0.774500730539319
SVM_RBF,eICU,Calibration_Intercept,-0.87009696031909,,
SVM_RBF,eICU,Calibration_Slope,0.799916527329193,,
SVM_RBF,eICU,Brier,0.151535510235092,0.141941419054902,0.16145737153753
SVM_RBF,eICU,ECE,0.111012239636771,,
SVM_RBF,eICU,MCE,0.21099312605891,,
SVM_RBF,eICU,Sensitivity,0.910606060606061,,
SVM_RBF,eICU,Specificity,0.596330275229358,,
SVM_RBF,eICU,PPV,0.512361466325661,,
SVM_RBF,eICU,NPV,0.934734513274336,,
SVM_RBF,eICU,Accuracy,0.696196437168994,,
SVM_RBF,eICU,F1,0.655755591925805,,
SVM_RBF,eICU,MCC,0.476076882094867,,
XGBoost,Development nested OOF,AUROC,0.868440927890667,0.857666976285896,0.878094385523424
XGBoost,Development nested OOF,AUPRC,0.758453978729512,0.737678563579863,0.779946960918009
XGBoost,Development nested OOF,Calibration_Intercept,-0.000899072700762379,,
XGBoost,Development nested OOF,Calibration_Slope,1.05243128107997,,
XGBoost,Development nested OOF,Brier,0.134681037949464,0.129453140083129,0.140629550116834
XGBoost,Development nested OOF,ECE,0.0147044052641729,,
XGBoost,Development nested OOF,MCE,0.0290689323662339,,
XGBoost,Development nested OOF,Sensitivity,0.774096385542169,,
XGBoost,Development nested OOF,Specificity,0.802309208673613,,
XGBoost,Development nested OOF,PPV,0.646703573225969,,
XGBoost,Development nested OOF,NPV,0.883684863523573,,
XGBoost,Development nested OOF,Accuracy,0.793321819228555,,
XGBoost,Development nested OOF,F1,0.704688785302989,,
XGBoost,Development nested OOF,MCC,0.552918494942789,,
XGBoost,MIMIC-III,AUROC,0.843143572247356,0.818007096998867,0.865661158839749
XGBoost,MIMIC-III,AUPRC,0.729107142973488,0.678981444822245,0.776765503755048
XGBoost,MIMIC-III,Calibration_Intercept,0.0797742010189201,,
XGBoost,MIMIC-III,Calibration_Slope,0.900570479082827,,
XGBoost,MIMIC-III,Brier,0.14627747268272,0.133712110606379,0.159022093683348
XGBoost,MIMIC-III,ECE,0.0341864339814118,,
XGBoost,MIMIC-III,MCE,0.103109173733613,,
XGBoost,MIMIC-III,Sensitivity,0.741424802110818,,
XGBoost,MIMIC-III,Specificity,0.805912596401028,,
XGBoost,MIMIC-III,PPV,0.650462962962963,,
XGBoost,MIMIC-III,NPV,0.864827586206897,,
XGBoost,MIMIC-III,Accuracy,0.784788245462403,,
XGBoost,MIMIC-III,F1,0.692971639950678,,
XGBoost,MIMIC-III,MCC,0.531072300784339,,
XGBoost,MIMIC-IV temporal,AUROC,0.829970919665576,0.805464996273141,0.853105092397863
XGBoost,MIMIC-IV temporal,AUPRC,0.723390239707789,0.680749254632102,0.764238681664436
XGBoost,MIMIC-IV temporal,Calibration_Intercept,-0.166608714721011,,
XGBoost,MIMIC-IV temporal,Calibration_Slope,0.869722825755232,,
XGBoost,MIMIC-IV temporal,Brier,0.154389816454005,0.142205446946743,0.167168627695903
XGBoost,MIMIC-IV temporal,ECE,0.0487258072594699,,
XGBoost,MIMIC-IV temporal,MCE,0.123859365781148,,
XGBoost,MIMIC-IV temporal,Sensitivity,0.755725190839695,,
XGBoost,MIMIC-IV temporal,Specificity,0.740147783251232,,
XGBoost,MIMIC-IV temporal,PPV,0.584645669291339,,
XGBoost,MIMIC-IV temporal,NPV,0.862266857962697,,
XGBoost,MIMIC-IV temporal,Accuracy,0.745228215767635,,
XGBoost,MIMIC-IV temporal,F1,0.659267480577137,,
XGBoost,MIMIC-IV temporal,MCC,0.47075667180397,,
XGBoost,NWICU,AUROC,0.85000255662934,0.814873882333899,0.882559986686635
XGBoost,NWICU,AUPRC,0.676954246848124,0.597866690140396,0.751848470761936
XGBoost,NWICU,Calibration_Intercept,-0.703538685968845,,
XGBoost,NWICU,Calibration_Slope,1.0193035762579,,
XGBoost,NWICU,Brier,0.140586032002244,0.126068730707199,0.156215665104047
XGBoost,NWICU,ECE,0.0991022462190918,,
XGBoost,NWICU,MCE,0.202250579372048,,
XGBoost,NWICU,Sensitivity,0.823170731707317,,
XGBoost,NWICU,Specificity,0.712788259958071,,
XGBoost,NWICU,PPV,0.496323529411765,,
XGBoost,NWICU,NPV,0.921409214092141,,
XGBoost,NWICU,Accuracy,0.741029641185647,,
XGBoost,NWICU,F1,0.619266055045872,,
XGBoost,NWICU,MCC,0.473167644703196,,
XGBoost,eICU,AUROC,0.86192981330596,0.84588533536053,0.878029522616444
XGBoost,eICU,AUPRC,0.731060780096143,0.693819816691603,0.769110727222306
XGBoost,eICU,Calibration_Intercept,-0.793083782701322,,
XGBoost,eICU,Calibration_Slope,0.96267363814404,,
XGBoost,eICU,Brier,0.153031199224014,0.143299223620707,0.161946803792011
XGBoost,eICU,ECE,0.111142262242031,,
XGBoost,eICU,MCE,0.218353209014122,,
XGBoost,eICU,Sensitivity,0.890909090909091,,
XGBoost,eICU,Specificity,0.645024700070572,,
XGBoost,eICU,PPV,0.538955087076077,,
XGBoost,eICU,NPV,0.926977687626775,,
XGBoost,eICU,Accuracy,0.723158401540684,,
XGBoost,eICU,F1,0.671616219303255,,
XGBoost,eICU,MCC,0.499709033626742,,
